<?xml version="1.0" encoding="ISO-8859-1" ?>
<link_info>
   <banner>TI ARM Linker PC v18.12.4.LTS</banner>
   <copyright>Copyright (c) 1996-2018 Texas Instruments Incorporated</copyright>
   <link_time>0x63107549</link_time>
   <link_errors>0x0</link_errors>
   <output_file>gpio_toggle_output.out</output_file>
   <entry_point>
      <name>_c_int00_noargs</name>
      <address>0x635</address>
   </entry_point>
   <input_file_list>
      <input_file id="fl-2">
         <path>.\</path>
         <kind>object</kind>
         <file>gpio_toggle_output.obj</file>
         <name>gpio_toggle_output.obj</name>
      </input_file>
      <input_file id="fl-3">
         <path>.\</path>
         <kind>object</kind>
         <file>startup_msp432p401r_ccs.obj</file>
         <name>startup_msp432p401r_ccs.obj</name>
      </input_file>
      <input_file id="fl-4">
         <path>.\</path>
         <kind>object</kind>
         <file>system_msp432p401r.obj</file>
         <name>system_msp432p401r.obj</name>
      </input_file>
      <input_file id="fl-9">
         <kind>object</kind>
         <file>&lt;internal&gt;</file>
         <name>&lt;internal&gt;</name>
      </input_file>
      <input_file id="fl-bf">
         <path>C:\ti\ccs930\ccs\tools\compiler\ti-cgt-arm_18.12.4.LTS\lib\</path>
         <kind>archive</kind>
         <file>rtsv7M4_T_le_v4SPD16_eabi.lib</file>
         <name>copy_zero_init.c.obj</name>
      </input_file>
      <input_file id="fl-c0">
         <path>C:\ti\ccs930\ccs\tools\compiler\ti-cgt-arm_18.12.4.LTS\lib\</path>
         <kind>archive</kind>
         <file>rtsv7M4_T_le_v4SPD16_eabi.lib</file>
         <name>copy_decompress_none.c.obj</name>
      </input_file>
      <input_file id="fl-c1">
         <path>C:\ti\ccs930\ccs\tools\compiler\ti-cgt-arm_18.12.4.LTS\lib\</path>
         <kind>archive</kind>
         <file>rtsv7M4_T_le_v4SPD16_eabi.lib</file>
         <name>copy_decompress_lzss.c.obj</name>
      </input_file>
      <input_file id="fl-c2">
         <path>C:\ti\ccs930\ccs\tools\compiler\ti-cgt-arm_18.12.4.LTS\lib\</path>
         <kind>archive</kind>
         <file>rtsv7M4_T_le_v4SPD16_eabi.lib</file>
         <name>boot_cortex_m.c.obj</name>
      </input_file>
      <input_file id="fl-c3">
         <path>C:\ti\ccs930\ccs\tools\compiler\ti-cgt-arm_18.12.4.LTS\lib\</path>
         <kind>archive</kind>
         <file>rtsv7M4_T_le_v4SPD16_eabi.lib</file>
         <name>memcpy_t2.asm.obj</name>
      </input_file>
      <input_file id="fl-c4">
         <path>C:\ti\ccs930\ccs\tools\compiler\ti-cgt-arm_18.12.4.LTS\lib\</path>
         <kind>archive</kind>
         <file>rtsv7M4_T_le_v4SPD16_eabi.lib</file>
         <name>memset_t2.asm.obj</name>
      </input_file>
      <input_file id="fl-c5">
         <path>C:\ti\ccs930\ccs\tools\compiler\ti-cgt-arm_18.12.4.LTS\lib\</path>
         <kind>archive</kind>
         <file>rtsv7M4_T_le_v4SPD16_eabi.lib</file>
         <name>autoinit.c.obj</name>
      </input_file>
      <input_file id="fl-c6">
         <path>C:\ti\ccs930\ccs\tools\compiler\ti-cgt-arm_18.12.4.LTS\lib\</path>
         <kind>archive</kind>
         <file>rtsv7M4_T_le_v4SPD16_eabi.lib</file>
         <name>pre_init.c.obj</name>
      </input_file>
      <input_file id="fl-c7">
         <path>C:\ti\ccs930\ccs\tools\compiler\ti-cgt-arm_18.12.4.LTS\lib\</path>
         <kind>archive</kind>
         <file>rtsv7M4_T_le_v4SPD16_eabi.lib</file>
         <name>cpy_tbl.c.obj</name>
      </input_file>
      <input_file id="fl-c8">
         <path>C:\ti\ccs930\ccs\tools\compiler\ti-cgt-arm_18.12.4.LTS\lib\</path>
         <kind>archive</kind>
         <file>rtsv7M4_T_le_v4SPD16_eabi.lib</file>
         <name>exit.c.obj</name>
      </input_file>
      <input_file id="fl-c9">
         <path>C:\ti\ccs930\ccs\tools\compiler\ti-cgt-arm_18.12.4.LTS\lib\</path>
         <kind>archive</kind>
         <file>rtsv7M4_T_le_v4SPD16_eabi.lib</file>
         <name>_lock.c.obj</name>
      </input_file>
      <input_file id="fl-ca">
         <path>C:\ti\ccs930\ccs\tools\compiler\ti-cgt-arm_18.12.4.LTS\lib\</path>
         <kind>archive</kind>
         <file>rtsv7M4_T_le_v4SPD16_eabi.lib</file>
         <name>args_main.c.obj</name>
      </input_file>
   </input_file_list>
   <object_component_list>
      <object_component id="oc-1f">
         <name>.intvecs:retain</name>
         <load_address>0x0</load_address>
         <run_address>0x0</run_address>
         <size>0x140</size>
         <input_file_ref idref="fl-3"/>
      </object_component>
      <object_component id="oc-9e">
         <name>.text</name>
         <load_address>0x140</load_address>
         <run_address>0x140</run_address>
         <size>0x328</size>
         <input_file_ref idref="fl-4"/>
      </object_component>
      <object_component id="oc-30">
         <name>.text</name>
         <load_address>0x468</load_address>
         <run_address>0x468</run_address>
         <size>0x9c</size>
         <input_file_ref idref="fl-c3"/>
      </object_component>
      <object_component id="oc-8c">
         <name>.text</name>
         <load_address>0x504</load_address>
         <run_address>0x504</run_address>
         <size>0x84</size>
         <input_file_ref idref="fl-2"/>
      </object_component>
      <object_component id="oc-10">
         <name>.text:decompress:lzss:__TI_decompress_lzss</name>
         <load_address>0x588</load_address>
         <run_address>0x588</run_address>
         <size>0x68</size>
         <input_file_ref idref="fl-c1"/>
      </object_component>
      <object_component id="oc-ca">
         <name>.text:__TI_auto_init_nobinit_nopinit:__TI_auto_init_nobinit_nopinit</name>
         <load_address>0x5f0</load_address>
         <run_address>0x5f0</run_address>
         <size>0x44</size>
         <input_file_ref idref="fl-c5"/>
      </object_component>
      <object_component id="oc-4e">
         <name>.text:_c_int00_noargs:_c_int00_noargs</name>
         <load_address>0x634</load_address>
         <run_address>0x634</run_address>
         <size>0x34</size>
         <input_file_ref idref="fl-c2"/>
      </object_component>
      <object_component id="oc-60">
         <name>.text</name>
         <load_address>0x668</load_address>
         <run_address>0x668</run_address>
         <size>0x12</size>
         <input_file_ref idref="fl-3"/>
      </object_component>
      <object_component id="oc-16">
         <name>.text:decompress:none:__TI_decompress_none</name>
         <load_address>0x67a</load_address>
         <run_address>0x67a</run_address>
         <size>0xe</size>
         <input_file_ref idref="fl-c0"/>
      </object_component>
      <object_component id="oc-86">
         <name>.text:_system_pre_init</name>
         <load_address>0x688</load_address>
         <run_address>0x688</run_address>
         <size>0x4</size>
         <input_file_ref idref="fl-c6"/>
      </object_component>
      <object_component id="oc-be">
         <name>.text:abort:abort</name>
         <load_address>0x68c</load_address>
         <run_address>0x68c</run_address>
         <size>0x4</size>
         <input_file_ref idref="fl-c8"/>
      </object_component>
      <object_component id="oc-192">
         <name>.cinit..data.load</name>
         <load_address>0x690</load_address>
         <run_address>0x690</run_address>
         <size>0x8</size>
      </object_component>
      <object_component id="oc-190">
         <name>__TI_handler_table</name>
         <load_address>0x698</load_address>
         <run_address>0x698</run_address>
         <size>0x8</size>
      </object_component>
      <object_component id="oc-191">
         <name>__TI_cinit_table</name>
         <load_address>0x6a0</load_address>
         <run_address>0x6a0</run_address>
         <size>0x8</size>
      </object_component>
      <object_component id="oc-fc">
         <name>.data</name>
         <load_address>0x20000000</load_address>
         <run_address>0x20000000</run_address>
         <size>0x4</size>
         <input_file_ref idref="fl-4"/>
      </object_component>
      <object_component id="oc-22">
         <name>.stack</name>
         <uninitialized>true</uninitialized>
         <run_address>0x2000fe00</run_address>
         <size>0x4</size>
         <input_file_ref idref="fl-c2"/>
      </object_component>
      <object_component id="oc-193">
         <name>.stack</name>
         <uninitialized>true</uninitialized>
         <run_address>0x2000fe00</run_address>
         <size>0x0</size>
      </object_component>
      <object_component id="oc-bd">
         <name>.debug_info</name>
         <load_address>0x0</load_address>
         <run_address>0x0</run_address>
         <size>0x545</size>
         <input_file_ref idref="fl-2"/>
      </object_component>
      <object_component id="oc-8d">
         <name>.debug_info</name>
         <load_address>0x545</load_address>
         <run_address>0x545</run_address>
         <size>0x15c</size>
         <input_file_ref idref="fl-2"/>
      </object_component>
      <object_component id="oc-a7">
         <name>.debug_info</name>
         <load_address>0x6a1</load_address>
         <run_address>0x6a1</run_address>
         <size>0x26b</size>
         <input_file_ref idref="fl-2"/>
      </object_component>
      <object_component id="oc-111">
         <name>.debug_info</name>
         <load_address>0x90c</load_address>
         <run_address>0x90c</run_address>
         <size>0x1055</size>
         <input_file_ref idref="fl-2"/>
      </object_component>
      <object_component id="oc-10c">
         <name>.debug_info</name>
         <load_address>0x1961</load_address>
         <run_address>0x1961</run_address>
         <size>0x37e2</size>
         <input_file_ref idref="fl-2"/>
      </object_component>
      <object_component id="oc-2b">
         <name>.debug_info</name>
         <load_address>0x5143</load_address>
         <run_address>0x5143</run_address>
         <size>0x84</size>
         <input_file_ref idref="fl-2"/>
      </object_component>
      <object_component id="oc-105">
         <name>.debug_info</name>
         <load_address>0x51c7</load_address>
         <run_address>0x51c7</run_address>
         <size>0x297</size>
         <input_file_ref idref="fl-2"/>
      </object_component>
      <object_component id="oc-100">
         <name>.debug_info</name>
         <load_address>0x545e</load_address>
         <run_address>0x545e</run_address>
         <size>0xbb</size>
         <input_file_ref idref="fl-2"/>
      </object_component>
      <object_component id="oc-68">
         <name>.debug_info</name>
         <load_address>0x5519</load_address>
         <run_address>0x5519</run_address>
         <size>0x2cd</size>
         <input_file_ref idref="fl-3"/>
      </object_component>
      <object_component id="oc-20">
         <name>.debug_info</name>
         <load_address>0x57e6</load_address>
         <run_address>0x57e6</run_address>
         <size>0xf8</size>
         <input_file_ref idref="fl-3"/>
      </object_component>
      <object_component id="oc-61">
         <name>.debug_info</name>
         <load_address>0x58de</load_address>
         <run_address>0x58de</run_address>
         <size>0x25f</size>
         <input_file_ref idref="fl-3"/>
      </object_component>
      <object_component id="oc-fd">
         <name>.debug_info</name>
         <load_address>0x5b3d</load_address>
         <run_address>0x5b3d</run_address>
         <size>0xf1</size>
         <input_file_ref idref="fl-4"/>
      </object_component>
      <object_component id="oc-9f">
         <name>.debug_info</name>
         <load_address>0x5c2e</load_address>
         <run_address>0x5c2e</run_address>
         <size>0x263</size>
         <input_file_ref idref="fl-4"/>
      </object_component>
      <object_component id="oc-3b">
         <name>.debug_info</name>
         <load_address>0x5e91</load_address>
         <run_address>0x5e91</run_address>
         <size>0x2a7</size>
         <input_file_ref idref="fl-c0"/>
      </object_component>
      <object_component id="oc-1a">
         <name>.debug_info</name>
         <load_address>0x6138</load_address>
         <run_address>0x6138</run_address>
         <size>0x1e9</size>
         <input_file_ref idref="fl-c0"/>
      </object_component>
      <object_component id="oc-36">
         <name>.debug_info</name>
         <load_address>0x6321</load_address>
         <run_address>0x6321</run_address>
         <size>0x46</size>
         <input_file_ref idref="fl-c0"/>
      </object_component>
      <object_component id="oc-72">
         <name>.debug_info</name>
         <load_address>0x6367</load_address>
         <run_address>0x6367</run_address>
         <size>0x2c</size>
         <input_file_ref idref="fl-c0"/>
      </object_component>
      <object_component id="oc-70">
         <name>.debug_info</name>
         <load_address>0x6393</load_address>
         <run_address>0x6393</run_address>
         <size>0x29d</size>
         <input_file_ref idref="fl-c1"/>
      </object_component>
      <object_component id="oc-13">
         <name>.debug_info</name>
         <load_address>0x6630</load_address>
         <run_address>0x6630</run_address>
         <size>0x24f</size>
         <input_file_ref idref="fl-c1"/>
      </object_component>
      <object_component id="oc-26">
         <name>.debug_info</name>
         <load_address>0x687f</load_address>
         <run_address>0x687f</run_address>
         <size>0x60</size>
         <input_file_ref idref="fl-c1"/>
      </object_component>
      <object_component id="oc-ac">
         <name>.debug_info</name>
         <load_address>0x68df</load_address>
         <run_address>0x68df</run_address>
         <size>0x46</size>
         <input_file_ref idref="fl-c1"/>
      </object_component>
      <object_component id="oc-6b">
         <name>.debug_info</name>
         <load_address>0x6925</load_address>
         <run_address>0x6925</run_address>
         <size>0x39</size>
         <input_file_ref idref="fl-c1"/>
      </object_component>
      <object_component id="oc-23">
         <name>.debug_info</name>
         <load_address>0x695e</load_address>
         <run_address>0x695e</run_address>
         <size>0x10a</size>
         <input_file_ref idref="fl-c2"/>
      </object_component>
      <object_component id="oc-50">
         <name>.debug_info</name>
         <load_address>0x6a68</load_address>
         <run_address>0x6a68</run_address>
         <size>0x1a8</size>
         <input_file_ref idref="fl-c2"/>
      </object_component>
      <object_component id="oc-31">
         <name>.debug_info</name>
         <load_address>0x6c10</load_address>
         <run_address>0x6c10</run_address>
         <size>0x118</size>
         <input_file_ref idref="fl-c3"/>
      </object_component>
      <object_component id="oc-121">
         <name>.debug_info</name>
         <load_address>0x6d28</load_address>
         <run_address>0x6d28</run_address>
         <size>0x4b2</size>
         <input_file_ref idref="fl-c5"/>
      </object_component>
      <object_component id="oc-cc">
         <name>.debug_info</name>
         <load_address>0x71da</load_address>
         <run_address>0x71da</run_address>
         <size>0x1a5</size>
         <input_file_ref idref="fl-c5"/>
      </object_component>
      <object_component id="oc-148">
         <name>.debug_info</name>
         <load_address>0x737f</load_address>
         <run_address>0x737f</run_address>
         <size>0x39</size>
         <input_file_ref idref="fl-c5"/>
      </object_component>
      <object_component id="oc-15c">
         <name>.debug_info</name>
         <load_address>0x73b8</load_address>
         <run_address>0x73b8</run_address>
         <size>0x39</size>
         <input_file_ref idref="fl-c5"/>
      </object_component>
      <object_component id="oc-14d">
         <name>.debug_info</name>
         <load_address>0x73f1</load_address>
         <run_address>0x73f1</run_address>
         <size>0x39</size>
         <input_file_ref idref="fl-c5"/>
      </object_component>
      <object_component id="oc-152">
         <name>.debug_info</name>
         <load_address>0x742a</load_address>
         <run_address>0x742a</run_address>
         <size>0xcd</size>
         <input_file_ref idref="fl-c5"/>
      </object_component>
      <object_component id="oc-87">
         <name>.debug_info</name>
         <load_address>0x74f7</load_address>
         <run_address>0x74f7</run_address>
         <size>0x152</size>
         <input_file_ref idref="fl-c6"/>
      </object_component>
      <object_component id="oc-c2">
         <name>.debug_info</name>
         <load_address>0x7649</load_address>
         <run_address>0x7649</run_address>
         <size>0x121</size>
         <input_file_ref idref="fl-c8"/>
      </object_component>
      <object_component id="oc-194">
         <name>.debug_info</name>
         <load_address>0x776a</load_address>
         <run_address>0x776a</run_address>
         <size>0xa4</size>
      </object_component>
      <object_component id="oc-10b">
         <name>.debug_line</name>
         <load_address>0x0</load_address>
         <run_address>0x0</run_address>
         <size>0x20</size>
         <input_file_ref idref="fl-2"/>
      </object_component>
      <object_component id="oc-90">
         <name>.debug_line</name>
         <load_address>0x20</load_address>
         <run_address>0x20</run_address>
         <size>0x73</size>
         <input_file_ref idref="fl-2"/>
      </object_component>
      <object_component id="oc-aa">
         <name>.debug_line</name>
         <load_address>0x93</load_address>
         <run_address>0x93</run_address>
         <size>0x6f</size>
         <input_file_ref idref="fl-2"/>
      </object_component>
      <object_component id="oc-114">
         <name>.debug_line</name>
         <load_address>0x102</load_address>
         <run_address>0x102</run_address>
         <size>0x5a</size>
         <input_file_ref idref="fl-2"/>
      </object_component>
      <object_component id="oc-10f">
         <name>.debug_line</name>
         <load_address>0x15c</load_address>
         <run_address>0x15c</run_address>
         <size>0x57</size>
         <input_file_ref idref="fl-2"/>
      </object_component>
      <object_component id="oc-2e">
         <name>.debug_line</name>
         <load_address>0x1b3</load_address>
         <run_address>0x1b3</run_address>
         <size>0x20</size>
         <input_file_ref idref="fl-2"/>
      </object_component>
      <object_component id="oc-108">
         <name>.debug_line</name>
         <load_address>0x1d3</load_address>
         <run_address>0x1d3</run_address>
         <size>0x73</size>
         <input_file_ref idref="fl-2"/>
      </object_component>
      <object_component id="oc-103">
         <name>.debug_line</name>
         <load_address>0x246</load_address>
         <run_address>0x246</run_address>
         <size>0x70</size>
         <input_file_ref idref="fl-2"/>
      </object_component>
      <object_component id="oc-a6">
         <name>.debug_line</name>
         <load_address>0x2b6</load_address>
         <run_address>0x2b6</run_address>
         <size>0x40</size>
         <input_file_ref idref="fl-3"/>
      </object_component>
      <object_component id="oc-67">
         <name>.debug_line</name>
         <load_address>0x2f6</load_address>
         <run_address>0x2f6</run_address>
         <size>0x40</size>
         <input_file_ref idref="fl-3"/>
      </object_component>
      <object_component id="oc-64">
         <name>.debug_line</name>
         <load_address>0x336</load_address>
         <run_address>0x336</run_address>
         <size>0xa1</size>
         <input_file_ref idref="fl-3"/>
      </object_component>
      <object_component id="oc-137">
         <name>.debug_line</name>
         <load_address>0x3d7</load_address>
         <run_address>0x3d7</run_address>
         <size>0x3b</size>
         <input_file_ref idref="fl-4"/>
      </object_component>
      <object_component id="oc-a2">
         <name>.debug_line</name>
         <load_address>0x412</load_address>
         <run_address>0x412</run_address>
         <size>0x146</size>
         <input_file_ref idref="fl-4"/>
      </object_component>
      <object_component id="oc-78">
         <name>.debug_line</name>
         <load_address>0x558</load_address>
         <run_address>0x558</run_address>
         <size>0x20</size>
         <input_file_ref idref="fl-c0"/>
      </object_component>
      <object_component id="oc-17">
         <name>.debug_line</name>
         <load_address>0x578</load_address>
         <run_address>0x578</run_address>
         <size>0x55</size>
         <input_file_ref idref="fl-c0"/>
      </object_component>
      <object_component id="oc-39">
         <name>.debug_line</name>
         <load_address>0x5cd</load_address>
         <run_address>0x5cd</run_address>
         <size>0x3a</size>
         <input_file_ref idref="fl-c0"/>
      </object_component>
      <object_component id="oc-75">
         <name>.debug_line</name>
         <load_address>0x607</load_address>
         <run_address>0x607</run_address>
         <size>0x90</size>
         <input_file_ref idref="fl-c0"/>
      </object_component>
      <object_component id="oc-b2">
         <name>.debug_line</name>
         <load_address>0x697</load_address>
         <run_address>0x697</run_address>
         <size>0x20</size>
         <input_file_ref idref="fl-c1"/>
      </object_component>
      <object_component id="oc-12">
         <name>.debug_line</name>
         <load_address>0x6b7</load_address>
         <run_address>0x6b7</run_address>
         <size>0xa9</size>
         <input_file_ref idref="fl-c1"/>
      </object_component>
      <object_component id="oc-29">
         <name>.debug_line</name>
         <load_address>0x760</load_address>
         <run_address>0x760</run_address>
         <size>0x3a</size>
         <input_file_ref idref="fl-c1"/>
      </object_component>
      <object_component id="oc-af">
         <name>.debug_line</name>
         <load_address>0x79a</load_address>
         <run_address>0x79a</run_address>
         <size>0x98</size>
         <input_file_ref idref="fl-c1"/>
      </object_component>
      <object_component id="oc-6e">
         <name>.debug_line</name>
         <load_address>0x832</load_address>
         <run_address>0x832</run_address>
         <size>0x94</size>
         <input_file_ref idref="fl-c1"/>
      </object_component>
      <object_component id="oc-6a">
         <name>.debug_line</name>
         <load_address>0x8c6</load_address>
         <run_address>0x8c6</run_address>
         <size>0x33</size>
         <input_file_ref idref="fl-c2"/>
      </object_component>
      <object_component id="oc-53">
         <name>.debug_line</name>
         <load_address>0x8f9</load_address>
         <run_address>0x8f9</run_address>
         <size>0x45</size>
         <input_file_ref idref="fl-c2"/>
      </object_component>
      <object_component id="oc-34">
         <name>.debug_line</name>
         <load_address>0x93e</load_address>
         <run_address>0x93e</run_address>
         <size>0x88</size>
         <input_file_ref idref="fl-c3"/>
      </object_component>
      <object_component id="oc-147">
         <name>.debug_line</name>
         <load_address>0x9c6</load_address>
         <run_address>0x9c6</run_address>
         <size>0xbd</size>
         <input_file_ref idref="fl-c5"/>
      </object_component>
      <object_component id="oc-cb">
         <name>.debug_line</name>
         <load_address>0xa83</load_address>
         <run_address>0xa83</run_address>
         <size>0x6f</size>
         <input_file_ref idref="fl-c5"/>
      </object_component>
      <object_component id="oc-14b">
         <name>.debug_line</name>
         <load_address>0xaf2</load_address>
         <run_address>0xaf2</run_address>
         <size>0x2e</size>
         <input_file_ref idref="fl-c5"/>
      </object_component>
      <object_component id="oc-15f">
         <name>.debug_line</name>
         <load_address>0xb20</load_address>
         <run_address>0xb20</run_address>
         <size>0x98</size>
         <input_file_ref idref="fl-c5"/>
      </object_component>
      <object_component id="oc-150">
         <name>.debug_line</name>
         <load_address>0xbb8</load_address>
         <run_address>0xbb8</run_address>
         <size>0x95</size>
         <input_file_ref idref="fl-c5"/>
      </object_component>
      <object_component id="oc-155">
         <name>.debug_line</name>
         <load_address>0xc4d</load_address>
         <run_address>0xc4d</run_address>
         <size>0x91</size>
         <input_file_ref idref="fl-c5"/>
      </object_component>
      <object_component id="oc-8a">
         <name>.debug_line</name>
         <load_address>0xcde</load_address>
         <run_address>0xcde</run_address>
         <size>0x40</size>
         <input_file_ref idref="fl-c6"/>
      </object_component>
      <object_component id="oc-c0">
         <name>.debug_line</name>
         <load_address>0xd1e</load_address>
         <run_address>0xd1e</run_address>
         <size>0x3c</size>
         <input_file_ref idref="fl-c8"/>
      </object_component>
      <object_component id="oc-91">
         <name>.debug_frame</name>
         <load_address>0x0</load_address>
         <run_address>0x0</run_address>
         <size>0x5c</size>
         <input_file_ref idref="fl-2"/>
      </object_component>
      <object_component id="oc-65">
         <name>.debug_frame</name>
         <load_address>0x5c</load_address>
         <run_address>0x5c</run_address>
         <size>0x94</size>
         <input_file_ref idref="fl-3"/>
      </object_component>
      <object_component id="oc-a3">
         <name>.debug_frame</name>
         <load_address>0xf0</load_address>
         <run_address>0xf0</run_address>
         <size>0x70</size>
         <input_file_ref idref="fl-4"/>
      </object_component>
      <object_component id="oc-18">
         <name>.debug_frame</name>
         <load_address>0x160</load_address>
         <run_address>0x160</run_address>
         <size>0x54</size>
         <input_file_ref idref="fl-c0"/>
      </object_component>
      <object_component id="oc-11">
         <name>.debug_frame</name>
         <load_address>0x1b4</load_address>
         <run_address>0x1b4</run_address>
         <size>0x60</size>
         <input_file_ref idref="fl-c1"/>
      </object_component>
      <object_component id="oc-52">
         <name>.debug_frame</name>
         <load_address>0x214</load_address>
         <run_address>0x214</run_address>
         <size>0x50</size>
         <input_file_ref idref="fl-c2"/>
      </object_component>
      <object_component id="oc-cf">
         <name>.debug_frame</name>
         <load_address>0x264</load_address>
         <run_address>0x264</run_address>
         <size>0x5c</size>
         <input_file_ref idref="fl-c5"/>
      </object_component>
      <object_component id="oc-8b">
         <name>.debug_frame</name>
         <load_address>0x2c0</load_address>
         <run_address>0x2c0</run_address>
         <size>0x54</size>
         <input_file_ref idref="fl-c6"/>
      </object_component>
      <object_component id="oc-c1">
         <name>.debug_frame</name>
         <load_address>0x314</load_address>
         <run_address>0x314</run_address>
         <size>0x54</size>
         <input_file_ref idref="fl-c8"/>
      </object_component>
      <object_component id="oc-10a">
         <name>.debug_abbrev</name>
         <load_address>0x0</load_address>
         <run_address>0x0</run_address>
         <size>0x7a</size>
         <input_file_ref idref="fl-2"/>
      </object_component>
      <object_component id="oc-bc">
         <name>.debug_abbrev</name>
         <load_address>0x7a</load_address>
         <run_address>0x7a</run_address>
         <size>0x63</size>
         <input_file_ref idref="fl-2"/>
      </object_component>
      <object_component id="oc-a9">
         <name>.debug_abbrev</name>
         <load_address>0xdd</load_address>
         <run_address>0xdd</run_address>
         <size>0x69</size>
         <input_file_ref idref="fl-2"/>
      </object_component>
      <object_component id="oc-113">
         <name>.debug_abbrev</name>
         <load_address>0x146</load_address>
         <run_address>0x146</run_address>
         <size>0x97</size>
         <input_file_ref idref="fl-2"/>
      </object_component>
      <object_component id="oc-10e">
         <name>.debug_abbrev</name>
         <load_address>0x1dd</load_address>
         <run_address>0x1dd</run_address>
         <size>0xbd</size>
         <input_file_ref idref="fl-2"/>
      </object_component>
      <object_component id="oc-2d">
         <name>.debug_abbrev</name>
         <load_address>0x29a</load_address>
         <run_address>0x29a</run_address>
         <size>0x1f</size>
         <input_file_ref idref="fl-2"/>
      </object_component>
      <object_component id="oc-107">
         <name>.debug_abbrev</name>
         <load_address>0x2b9</load_address>
         <run_address>0x2b9</run_address>
         <size>0x5c</size>
         <input_file_ref idref="fl-2"/>
      </object_component>
      <object_component id="oc-102">
         <name>.debug_abbrev</name>
         <load_address>0x315</load_address>
         <run_address>0x315</run_address>
         <size>0x24</size>
         <input_file_ref idref="fl-2"/>
      </object_component>
      <object_component id="oc-a5">
         <name>.debug_abbrev</name>
         <load_address>0x339</load_address>
         <run_address>0x339</run_address>
         <size>0x7c</size>
         <input_file_ref idref="fl-3"/>
      </object_component>
      <object_component id="oc-66">
         <name>.debug_abbrev</name>
         <load_address>0x3b5</load_address>
         <run_address>0x3b5</run_address>
         <size>0x29</size>
         <input_file_ref idref="fl-3"/>
      </object_component>
      <object_component id="oc-a4">
         <name>.debug_abbrev</name>
         <load_address>0x3de</load_address>
         <run_address>0x3de</run_address>
         <size>0x85</size>
         <input_file_ref idref="fl-3"/>
      </object_component>
      <object_component id="oc-136">
         <name>.debug_abbrev</name>
         <load_address>0x463</load_address>
         <run_address>0x463</run_address>
         <size>0x29</size>
         <input_file_ref idref="fl-4"/>
      </object_component>
      <object_component id="oc-ff">
         <name>.debug_abbrev</name>
         <load_address>0x48c</load_address>
         <run_address>0x48c</run_address>
         <size>0x8b</size>
         <input_file_ref idref="fl-4"/>
      </object_component>
      <object_component id="oc-77">
         <name>.debug_abbrev</name>
         <load_address>0x517</load_address>
         <run_address>0x517</run_address>
         <size>0x37</size>
         <input_file_ref idref="fl-c0"/>
      </object_component>
      <object_component id="oc-35">
         <name>.debug_abbrev</name>
         <load_address>0x54e</load_address>
         <run_address>0x54e</run_address>
         <size>0x74</size>
         <input_file_ref idref="fl-c0"/>
      </object_component>
      <object_component id="oc-38">
         <name>.debug_abbrev</name>
         <load_address>0x5c2</load_address>
         <run_address>0x5c2</run_address>
         <size>0x24</size>
         <input_file_ref idref="fl-c0"/>
      </object_component>
      <object_component id="oc-74">
         <name>.debug_abbrev</name>
         <load_address>0x5e6</load_address>
         <run_address>0x5e6</run_address>
         <size>0x24</size>
         <input_file_ref idref="fl-c0"/>
      </object_component>
      <object_component id="oc-b1">
         <name>.debug_abbrev</name>
         <load_address>0x60a</load_address>
         <run_address>0x60a</run_address>
         <size>0x37</size>
         <input_file_ref idref="fl-c1"/>
      </object_component>
      <object_component id="oc-25">
         <name>.debug_abbrev</name>
         <load_address>0x641</load_address>
         <run_address>0x641</run_address>
         <size>0x6f</size>
         <input_file_ref idref="fl-c1"/>
      </object_component>
      <object_component id="oc-28">
         <name>.debug_abbrev</name>
         <load_address>0x6b0</load_address>
         <run_address>0x6b0</run_address>
         <size>0x24</size>
         <input_file_ref idref="fl-c1"/>
      </object_component>
      <object_component id="oc-ae">
         <name>.debug_abbrev</name>
         <load_address>0x6d4</load_address>
         <run_address>0x6d4</run_address>
         <size>0x35</size>
         <input_file_ref idref="fl-c1"/>
      </object_component>
      <object_component id="oc-6d">
         <name>.debug_abbrev</name>
         <load_address>0x709</load_address>
         <run_address>0x709</run_address>
         <size>0x24</size>
         <input_file_ref idref="fl-c1"/>
      </object_component>
      <object_component id="oc-69">
         <name>.debug_abbrev</name>
         <load_address>0x72d</load_address>
         <run_address>0x72d</run_address>
         <size>0x29</size>
         <input_file_ref idref="fl-c2"/>
      </object_component>
      <object_component id="oc-95">
         <name>.debug_abbrev</name>
         <load_address>0x756</load_address>
         <run_address>0x756</run_address>
         <size>0x55</size>
         <input_file_ref idref="fl-c2"/>
      </object_component>
      <object_component id="oc-71">
         <name>.debug_abbrev</name>
         <load_address>0x7ab</load_address>
         <run_address>0x7ab</run_address>
         <size>0x3e</size>
         <input_file_ref idref="fl-c3"/>
      </object_component>
      <object_component id="oc-146">
         <name>.debug_abbrev</name>
         <load_address>0x7e9</load_address>
         <run_address>0x7e9</run_address>
         <size>0xc0</size>
         <input_file_ref idref="fl-c5"/>
      </object_component>
      <object_component id="oc-120">
         <name>.debug_abbrev</name>
         <load_address>0x8a9</load_address>
         <run_address>0x8a9</run_address>
         <size>0x7e</size>
         <input_file_ref idref="fl-c5"/>
      </object_component>
      <object_component id="oc-14a">
         <name>.debug_abbrev</name>
         <load_address>0x927</load_address>
         <run_address>0x927</run_address>
         <size>0x24</size>
         <input_file_ref idref="fl-c5"/>
      </object_component>
      <object_component id="oc-15e">
         <name>.debug_abbrev</name>
         <load_address>0x94b</load_address>
         <run_address>0x94b</run_address>
         <size>0x24</size>
         <input_file_ref idref="fl-c5"/>
      </object_component>
      <object_component id="oc-14f">
         <name>.debug_abbrev</name>
         <load_address>0x96f</load_address>
         <run_address>0x96f</run_address>
         <size>0x24</size>
         <input_file_ref idref="fl-c5"/>
      </object_component>
      <object_component id="oc-154">
         <name>.debug_abbrev</name>
         <load_address>0x993</load_address>
         <run_address>0x993</run_address>
         <size>0x4b</size>
         <input_file_ref idref="fl-c5"/>
      </object_component>
      <object_component id="oc-bb">
         <name>.debug_abbrev</name>
         <load_address>0x9de</load_address>
         <run_address>0x9de</run_address>
         <size>0x55</size>
         <input_file_ref idref="fl-c6"/>
      </object_component>
      <object_component id="oc-116">
         <name>.debug_abbrev</name>
         <load_address>0xa33</load_address>
         <run_address>0xa33</run_address>
         <size>0x45</size>
         <input_file_ref idref="fl-c8"/>
      </object_component>
      <object_component id="oc-195">
         <name>.debug_abbrev</name>
         <load_address>0xa78</load_address>
         <run_address>0xa78</run_address>
         <size>0xf</size>
      </object_component>
      <object_component id="oc-ab">
         <name>.debug_str</name>
         <load_address>0x0</load_address>
         <run_address>0x0</run_address>
         <size>0x2b5</size>
         <input_file_ref idref="fl-2"/>
      </object_component>
      <object_component id="oc-115">
         <name>.debug_str</name>
         <load_address>0x2b5</load_address>
         <run_address>0x2b5</run_address>
         <size>0x489</size>
         <input_file_ref idref="fl-2"/>
      </object_component>
      <object_component id="oc-110">
         <name>.debug_str</name>
         <load_address>0x73e</load_address>
         <run_address>0x73e</run_address>
         <size>0x15cd</size>
         <input_file_ref idref="fl-2"/>
      </object_component>
      <object_component id="oc-2f">
         <name>.debug_str</name>
         <load_address>0x1d0b</load_address>
         <run_address>0x1d0b</run_address>
         <size>0xfe</size>
         <input_file_ref idref="fl-2"/>
      </object_component>
      <object_component id="oc-109">
         <name>.debug_str</name>
         <load_address>0x1e09</load_address>
         <run_address>0x1e09</run_address>
         <size>0x344</size>
         <input_file_ref idref="fl-2"/>
      </object_component>
      <object_component id="oc-104">
         <name>.debug_str</name>
         <load_address>0x214d</load_address>
         <run_address>0x214d</run_address>
         <size>0x14d</size>
         <input_file_ref idref="fl-2"/>
      </object_component>
      <object_component id="oc-3a">
         <name>.debug_str</name>
         <load_address>0x229a</load_address>
         <run_address>0x229a</run_address>
         <size>0x10a</size>
         <input_file_ref idref="fl-c0"/>
      </object_component>
      <object_component id="oc-76">
         <name>.debug_str</name>
         <load_address>0x23a4</load_address>
         <run_address>0x23a4</run_address>
         <size>0x13d</size>
         <input_file_ref idref="fl-c0"/>
      </object_component>
      <object_component id="oc-2a">
         <name>.debug_str</name>
         <load_address>0x24e1</load_address>
         <run_address>0x24e1</run_address>
         <size>0x117</size>
         <input_file_ref idref="fl-c1"/>
      </object_component>
      <object_component id="oc-b0">
         <name>.debug_str</name>
         <load_address>0x25f8</load_address>
         <run_address>0x25f8</run_address>
         <size>0x168</size>
         <input_file_ref idref="fl-c1"/>
      </object_component>
      <object_component id="oc-6f">
         <name>.debug_str</name>
         <load_address>0x2760</load_address>
         <run_address>0x2760</run_address>
         <size>0x155</size>
         <input_file_ref idref="fl-c1"/>
      </object_component>
      <object_component id="oc-14c">
         <name>.debug_str</name>
         <load_address>0x28b5</load_address>
         <run_address>0x28b5</run_address>
         <size>0xec</size>
         <input_file_ref idref="fl-c5"/>
      </object_component>
      <object_component id="oc-160">
         <name>.debug_str</name>
         <load_address>0x29a1</load_address>
         <run_address>0x29a1</run_address>
         <size>0x154</size>
         <input_file_ref idref="fl-c5"/>
      </object_component>
      <object_component id="oc-151">
         <name>.debug_str</name>
         <load_address>0x2af5</load_address>
         <run_address>0x2af5</run_address>
         <size>0x14d</size>
         <input_file_ref idref="fl-c5"/>
      </object_component>
      <object_component id="oc-156">
         <name>.debug_str</name>
         <load_address>0x2c42</load_address>
         <run_address>0x2c42</run_address>
         <size>0x194</size>
         <input_file_ref idref="fl-c5"/>
      </object_component>
      <object_component id="oc-8e">
         <name>.debug_aranges</name>
         <load_address>0x0</load_address>
         <run_address>0x0</run_address>
         <size>0x20</size>
         <input_file_ref idref="fl-2"/>
      </object_component>
      <object_component id="oc-62">
         <name>.debug_aranges</name>
         <load_address>0x20</load_address>
         <run_address>0x20</run_address>
         <size>0x38</size>
         <input_file_ref idref="fl-3"/>
      </object_component>
      <object_component id="oc-a1">
         <name>.debug_aranges</name>
         <load_address>0x58</load_address>
         <run_address>0x58</run_address>
         <size>0x28</size>
         <input_file_ref idref="fl-4"/>
      </object_component>
      <object_component id="oc-19">
         <name>.debug_aranges</name>
         <load_address>0x80</load_address>
         <run_address>0x80</run_address>
         <size>0x20</size>
         <input_file_ref idref="fl-c0"/>
      </object_component>
      <object_component id="oc-14">
         <name>.debug_aranges</name>
         <load_address>0xa0</load_address>
         <run_address>0xa0</run_address>
         <size>0x20</size>
         <input_file_ref idref="fl-c1"/>
      </object_component>
      <object_component id="oc-4f">
         <name>.debug_aranges</name>
         <load_address>0xc0</load_address>
         <run_address>0xc0</run_address>
         <size>0x20</size>
         <input_file_ref idref="fl-c2"/>
      </object_component>
      <object_component id="oc-33">
         <name>.debug_aranges</name>
         <load_address>0xe0</load_address>
         <run_address>0xe0</run_address>
         <size>0x20</size>
         <input_file_ref idref="fl-c3"/>
      </object_component>
      <object_component id="oc-cd">
         <name>.debug_aranges</name>
         <load_address>0x100</load_address>
         <run_address>0x100</run_address>
         <size>0x20</size>
         <input_file_ref idref="fl-c5"/>
      </object_component>
      <object_component id="oc-88">
         <name>.debug_aranges</name>
         <load_address>0x120</load_address>
         <run_address>0x120</run_address>
         <size>0x20</size>
         <input_file_ref idref="fl-c6"/>
      </object_component>
      <object_component id="oc-bf">
         <name>.debug_aranges</name>
         <load_address>0x140</load_address>
         <run_address>0x140</run_address>
         <size>0x20</size>
         <input_file_ref idref="fl-c8"/>
      </object_component>
      <object_component id="oc-8f">
         <name>.debug_pubnames</name>
         <load_address>0x0</load_address>
         <run_address>0x0</run_address>
         <size>0x1b</size>
         <input_file_ref idref="fl-2"/>
      </object_component>
      <object_component id="oc-21">
         <name>.debug_pubnames</name>
         <load_address>0x1b</load_address>
         <run_address>0x1b</run_address>
         <size>0x27</size>
         <input_file_ref idref="fl-3"/>
      </object_component>
      <object_component id="oc-63">
         <name>.debug_pubnames</name>
         <load_address>0x42</load_address>
         <run_address>0x42</run_address>
         <size>0x46</size>
         <input_file_ref idref="fl-3"/>
      </object_component>
      <object_component id="oc-fe">
         <name>.debug_pubnames</name>
         <load_address>0x88</load_address>
         <run_address>0x88</run_address>
         <size>0x26</size>
         <input_file_ref idref="fl-4"/>
      </object_component>
      <object_component id="oc-a0">
         <name>.debug_pubnames</name>
         <load_address>0xae</load_address>
         <run_address>0xae</run_address>
         <size>0x3b</size>
         <input_file_ref idref="fl-4"/>
      </object_component>
      <object_component id="oc-1b">
         <name>.debug_pubnames</name>
         <load_address>0xe9</load_address>
         <run_address>0xe9</run_address>
         <size>0x2b</size>
         <input_file_ref idref="fl-c0"/>
      </object_component>
      <object_component id="oc-15">
         <name>.debug_pubnames</name>
         <load_address>0x114</load_address>
         <run_address>0x114</run_address>
         <size>0x2b</size>
         <input_file_ref idref="fl-c1"/>
      </object_component>
      <object_component id="oc-24">
         <name>.debug_pubnames</name>
         <load_address>0x13f</load_address>
         <run_address>0x13f</run_address>
         <size>0x1e</size>
         <input_file_ref idref="fl-c2"/>
      </object_component>
      <object_component id="oc-51">
         <name>.debug_pubnames</name>
         <load_address>0x15d</load_address>
         <run_address>0x15d</run_address>
         <size>0x26</size>
         <input_file_ref idref="fl-c2"/>
      </object_component>
      <object_component id="oc-32">
         <name>.debug_pubnames</name>
         <load_address>0x183</load_address>
         <run_address>0x183</run_address>
         <size>0x1d</size>
         <input_file_ref idref="fl-c3"/>
      </object_component>
      <object_component id="oc-ce">
         <name>.debug_pubnames</name>
         <load_address>0x1a0</load_address>
         <run_address>0x1a0</run_address>
         <size>0x35</size>
         <input_file_ref idref="fl-c5"/>
      </object_component>
      <object_component id="oc-89">
         <name>.debug_pubnames</name>
         <load_address>0x1d5</load_address>
         <run_address>0x1d5</run_address>
         <size>0x27</size>
         <input_file_ref idref="fl-c6"/>
      </object_component>
      <object_component id="oc-c3">
         <name>.debug_pubnames</name>
         <load_address>0x1fc</load_address>
         <run_address>0x1fc</run_address>
         <size>0x1c</size>
         <input_file_ref idref="fl-c8"/>
      </object_component>
      <object_component id="oc-a8">
         <name>.debug_pubtypes</name>
         <load_address>0x0</load_address>
         <run_address>0x0</run_address>
         <size>0x25c</size>
         <input_file_ref idref="fl-2"/>
      </object_component>
      <object_component id="oc-112">
         <name>.debug_pubtypes</name>
         <load_address>0x25c</load_address>
         <run_address>0x25c</run_address>
         <size>0xdd</size>
         <input_file_ref idref="fl-2"/>
      </object_component>
      <object_component id="oc-10d">
         <name>.debug_pubtypes</name>
         <load_address>0x339</load_address>
         <run_address>0x339</run_address>
         <size>0x2ce</size>
         <input_file_ref idref="fl-2"/>
      </object_component>
      <object_component id="oc-2c">
         <name>.debug_pubtypes</name>
         <load_address>0x607</load_address>
         <run_address>0x607</run_address>
         <size>0xed</size>
         <input_file_ref idref="fl-2"/>
      </object_component>
      <object_component id="oc-106">
         <name>.debug_pubtypes</name>
         <load_address>0x6f4</load_address>
         <run_address>0x6f4</run_address>
         <size>0x325</size>
         <input_file_ref idref="fl-2"/>
      </object_component>
      <object_component id="oc-101">
         <name>.debug_pubtypes</name>
         <load_address>0xa19</load_address>
         <run_address>0xa19</run_address>
         <size>0xaa</size>
         <input_file_ref idref="fl-2"/>
      </object_component>
      <object_component id="oc-37">
         <name>.debug_pubtypes</name>
         <load_address>0xac3</load_address>
         <run_address>0xac3</run_address>
         <size>0x48</size>
         <input_file_ref idref="fl-c0"/>
      </object_component>
      <object_component id="oc-73">
         <name>.debug_pubtypes</name>
         <load_address>0xb0b</load_address>
         <run_address>0xb0b</run_address>
         <size>0x1d</size>
         <input_file_ref idref="fl-c0"/>
      </object_component>
      <object_component id="oc-27">
         <name>.debug_pubtypes</name>
         <load_address>0xb28</load_address>
         <run_address>0xb28</run_address>
         <size>0x5d</size>
         <input_file_ref idref="fl-c1"/>
      </object_component>
      <object_component id="oc-ad">
         <name>.debug_pubtypes</name>
         <load_address>0xb85</load_address>
         <run_address>0xb85</run_address>
         <size>0x48</size>
         <input_file_ref idref="fl-c1"/>
      </object_component>
      <object_component id="oc-6c">
         <name>.debug_pubtypes</name>
         <load_address>0xbcd</load_address>
         <run_address>0xbcd</run_address>
         <size>0x35</size>
         <input_file_ref idref="fl-c1"/>
      </object_component>
      <object_component id="oc-149">
         <name>.debug_pubtypes</name>
         <load_address>0xc02</load_address>
         <run_address>0xc02</run_address>
         <size>0x32</size>
         <input_file_ref idref="fl-c5"/>
      </object_component>
      <object_component id="oc-15d">
         <name>.debug_pubtypes</name>
         <load_address>0xc34</load_address>
         <run_address>0xc34</run_address>
         <size>0x30</size>
         <input_file_ref idref="fl-c5"/>
      </object_component>
      <object_component id="oc-14e">
         <name>.debug_pubtypes</name>
         <load_address>0xc64</load_address>
         <run_address>0xc64</run_address>
         <size>0x2c</size>
         <input_file_ref idref="fl-c5"/>
      </object_component>
      <object_component id="oc-153">
         <name>.debug_pubtypes</name>
         <load_address>0xc90</load_address>
         <run_address>0xc90</run_address>
         <size>0x50</size>
         <input_file_ref idref="fl-c5"/>
      </object_component>
   </object_component_list>
   <logical_group_list>
      <logical_group id="lg-3" display="no" color="cyan">
         <name>.intvecs</name>
         <load_address>0x0</load_address>
         <run_address>0x0</run_address>
         <size>0x140</size>
         <contents>
            <object_component_ref idref="oc-1f"/>
         </contents>
      </logical_group>
      <logical_group id="lg-4" display="no" color="cyan">
         <name>.text</name>
         <load_address>0x140</load_address>
         <run_address>0x140</run_address>
         <size>0x550</size>
         <contents>
            <object_component_ref idref="oc-9e"/>
            <object_component_ref idref="oc-30"/>
            <object_component_ref idref="oc-8c"/>
            <object_component_ref idref="oc-10"/>
            <object_component_ref idref="oc-ca"/>
            <object_component_ref idref="oc-4e"/>
            <object_component_ref idref="oc-60"/>
            <object_component_ref idref="oc-16"/>
            <object_component_ref idref="oc-86"/>
            <object_component_ref idref="oc-be"/>
         </contents>
      </logical_group>
      <logical_group id="lg-5" display="no" color="cyan">
         <name>.const</name>
         <run_address>0x0</run_address>
         <size>0x0</size>
         <contents>
         </contents>
      </logical_group>
      <logical_group id="lg-6" display="no" color="cyan">
         <name>.cinit</name>
         <load_address>0x690</load_address>
         <run_address>0x690</run_address>
         <size>0x18</size>
         <contents>
            <object_component_ref idref="oc-192"/>
            <object_component_ref idref="oc-190"/>
            <object_component_ref idref="oc-191"/>
         </contents>
      </logical_group>
      <logical_group id="lg-7" display="no" color="cyan">
         <name>.pinit</name>
         <run_address>0x0</run_address>
         <size>0x0</size>
         <contents>
         </contents>
      </logical_group>
      <logical_group id="lg-8" display="no" color="cyan">
         <name>.init_array</name>
         <run_address>0x0</run_address>
         <size>0x0</size>
         <contents>
         </contents>
      </logical_group>
      <logical_group id="lg-9" display="no" color="cyan">
         <name>.flashMailbox</name>
         <run_address>0x0</run_address>
         <size>0x0</size>
         <contents>
         </contents>
      </logical_group>
      <logical_group id="lg-a" display="no" color="cyan">
         <name>.vtable</name>
         <run_address>0x0</run_address>
         <size>0x0</size>
         <contents>
         </contents>
      </logical_group>
      <logical_group id="lg-b" display="no" color="cyan">
         <name>.data</name>
         <run_address>0x20000000</run_address>
         <size>0x4</size>
         <contents>
            <object_component_ref idref="oc-fc"/>
         </contents>
      </logical_group>
      <logical_group id="lg-c" display="no" color="cyan">
         <name>.bss</name>
         <run_address>0x0</run_address>
         <size>0x0</size>
         <contents>
         </contents>
      </logical_group>
      <logical_group id="lg-d" display="no" color="cyan">
         <name>.sysmem</name>
         <run_address>0x0</run_address>
         <size>0x0</size>
         <contents>
         </contents>
      </logical_group>
      <logical_group id="lg-e" display="no" color="cyan">
         <name>.stack</name>
         <run_address>0x2000fe00</run_address>
         <size>0x200</size>
         <contents>
            <object_component_ref idref="oc-22"/>
            <object_component_ref idref="oc-193"/>
         </contents>
      </logical_group>
      <logical_group id="lg-168" display="no" color="cyan">
         <name>.TI.noinit</name>
         <run_address>0x0</run_address>
         <size>0x0</size>
         <contents>
         </contents>
      </logical_group>
      <logical_group id="lg-169" display="no" color="cyan">
         <name>.TI.persistent</name>
         <run_address>0x0</run_address>
         <size>0x0</size>
         <contents>
         </contents>
      </logical_group>
      <logical_group id="lg-178" display="never" color="cyan">
         <name>.debug_info</name>
         <load_address>0x0</load_address>
         <run_address>0x0</run_address>
         <size>0x780e</size>
         <contents>
            <object_component_ref idref="oc-bd"/>
            <object_component_ref idref="oc-8d"/>
            <object_component_ref idref="oc-a7"/>
            <object_component_ref idref="oc-111"/>
            <object_component_ref idref="oc-10c"/>
            <object_component_ref idref="oc-2b"/>
            <object_component_ref idref="oc-105"/>
            <object_component_ref idref="oc-100"/>
            <object_component_ref idref="oc-68"/>
            <object_component_ref idref="oc-20"/>
            <object_component_ref idref="oc-61"/>
            <object_component_ref idref="oc-fd"/>
            <object_component_ref idref="oc-9f"/>
            <object_component_ref idref="oc-3b"/>
            <object_component_ref idref="oc-1a"/>
            <object_component_ref idref="oc-36"/>
            <object_component_ref idref="oc-72"/>
            <object_component_ref idref="oc-70"/>
            <object_component_ref idref="oc-13"/>
            <object_component_ref idref="oc-26"/>
            <object_component_ref idref="oc-ac"/>
            <object_component_ref idref="oc-6b"/>
            <object_component_ref idref="oc-23"/>
            <object_component_ref idref="oc-50"/>
            <object_component_ref idref="oc-31"/>
            <object_component_ref idref="oc-121"/>
            <object_component_ref idref="oc-cc"/>
            <object_component_ref idref="oc-148"/>
            <object_component_ref idref="oc-15c"/>
            <object_component_ref idref="oc-14d"/>
            <object_component_ref idref="oc-152"/>
            <object_component_ref idref="oc-87"/>
            <object_component_ref idref="oc-c2"/>
            <object_component_ref idref="oc-194"/>
         </contents>
      </logical_group>
      <logical_group id="lg-17a" display="never" color="cyan">
         <name>.debug_line</name>
         <load_address>0x0</load_address>
         <run_address>0x0</run_address>
         <size>0xd5a</size>
         <contents>
            <object_component_ref idref="oc-10b"/>
            <object_component_ref idref="oc-90"/>
            <object_component_ref idref="oc-aa"/>
            <object_component_ref idref="oc-114"/>
            <object_component_ref idref="oc-10f"/>
            <object_component_ref idref="oc-2e"/>
            <object_component_ref idref="oc-108"/>
            <object_component_ref idref="oc-103"/>
            <object_component_ref idref="oc-a6"/>
            <object_component_ref idref="oc-67"/>
            <object_component_ref idref="oc-64"/>
            <object_component_ref idref="oc-137"/>
            <object_component_ref idref="oc-a2"/>
            <object_component_ref idref="oc-78"/>
            <object_component_ref idref="oc-17"/>
            <object_component_ref idref="oc-39"/>
            <object_component_ref idref="oc-75"/>
            <object_component_ref idref="oc-b2"/>
            <object_component_ref idref="oc-12"/>
            <object_component_ref idref="oc-29"/>
            <object_component_ref idref="oc-af"/>
            <object_component_ref idref="oc-6e"/>
            <object_component_ref idref="oc-6a"/>
            <object_component_ref idref="oc-53"/>
            <object_component_ref idref="oc-34"/>
            <object_component_ref idref="oc-147"/>
            <object_component_ref idref="oc-cb"/>
            <object_component_ref idref="oc-14b"/>
            <object_component_ref idref="oc-15f"/>
            <object_component_ref idref="oc-150"/>
            <object_component_ref idref="oc-155"/>
            <object_component_ref idref="oc-8a"/>
            <object_component_ref idref="oc-c0"/>
         </contents>
      </logical_group>
      <logical_group id="lg-17c" display="never" color="cyan">
         <name>.debug_frame</name>
         <load_address>0x0</load_address>
         <run_address>0x0</run_address>
         <size>0x368</size>
         <contents>
            <object_component_ref idref="oc-91"/>
            <object_component_ref idref="oc-65"/>
            <object_component_ref idref="oc-a3"/>
            <object_component_ref idref="oc-18"/>
            <object_component_ref idref="oc-11"/>
            <object_component_ref idref="oc-52"/>
            <object_component_ref idref="oc-cf"/>
            <object_component_ref idref="oc-8b"/>
            <object_component_ref idref="oc-c1"/>
         </contents>
      </logical_group>
      <logical_group id="lg-17e" display="never" color="cyan">
         <name>.debug_abbrev</name>
         <load_address>0x0</load_address>
         <run_address>0x0</run_address>
         <size>0xa87</size>
         <contents>
            <object_component_ref idref="oc-10a"/>
            <object_component_ref idref="oc-bc"/>
            <object_component_ref idref="oc-a9"/>
            <object_component_ref idref="oc-113"/>
            <object_component_ref idref="oc-10e"/>
            <object_component_ref idref="oc-2d"/>
            <object_component_ref idref="oc-107"/>
            <object_component_ref idref="oc-102"/>
            <object_component_ref idref="oc-a5"/>
            <object_component_ref idref="oc-66"/>
            <object_component_ref idref="oc-a4"/>
            <object_component_ref idref="oc-136"/>
            <object_component_ref idref="oc-ff"/>
            <object_component_ref idref="oc-77"/>
            <object_component_ref idref="oc-35"/>
            <object_component_ref idref="oc-38"/>
            <object_component_ref idref="oc-74"/>
            <object_component_ref idref="oc-b1"/>
            <object_component_ref idref="oc-25"/>
            <object_component_ref idref="oc-28"/>
            <object_component_ref idref="oc-ae"/>
            <object_component_ref idref="oc-6d"/>
            <object_component_ref idref="oc-69"/>
            <object_component_ref idref="oc-95"/>
            <object_component_ref idref="oc-71"/>
            <object_component_ref idref="oc-146"/>
            <object_component_ref idref="oc-120"/>
            <object_component_ref idref="oc-14a"/>
            <object_component_ref idref="oc-15e"/>
            <object_component_ref idref="oc-14f"/>
            <object_component_ref idref="oc-154"/>
            <object_component_ref idref="oc-bb"/>
            <object_component_ref idref="oc-116"/>
            <object_component_ref idref="oc-195"/>
         </contents>
      </logical_group>
      <logical_group id="lg-180" display="never" color="cyan">
         <name>.debug_str</name>
         <load_address>0x0</load_address>
         <run_address>0x0</run_address>
         <size>0x2dd6</size>
         <contents>
            <object_component_ref idref="oc-ab"/>
            <object_component_ref idref="oc-115"/>
            <object_component_ref idref="oc-110"/>
            <object_component_ref idref="oc-2f"/>
            <object_component_ref idref="oc-109"/>
            <object_component_ref idref="oc-104"/>
            <object_component_ref idref="oc-3a"/>
            <object_component_ref idref="oc-76"/>
            <object_component_ref idref="oc-2a"/>
            <object_component_ref idref="oc-b0"/>
            <object_component_ref idref="oc-6f"/>
            <object_component_ref idref="oc-14c"/>
            <object_component_ref idref="oc-160"/>
            <object_component_ref idref="oc-151"/>
            <object_component_ref idref="oc-156"/>
         </contents>
      </logical_group>
      <logical_group id="lg-182" display="never" color="cyan">
         <name>.debug_aranges</name>
         <load_address>0x0</load_address>
         <run_address>0x0</run_address>
         <size>0x160</size>
         <contents>
            <object_component_ref idref="oc-8e"/>
            <object_component_ref idref="oc-62"/>
            <object_component_ref idref="oc-a1"/>
            <object_component_ref idref="oc-19"/>
            <object_component_ref idref="oc-14"/>
            <object_component_ref idref="oc-4f"/>
            <object_component_ref idref="oc-33"/>
            <object_component_ref idref="oc-cd"/>
            <object_component_ref idref="oc-88"/>
            <object_component_ref idref="oc-bf"/>
         </contents>
      </logical_group>
      <logical_group id="lg-184" display="never" color="cyan">
         <name>.debug_pubnames</name>
         <load_address>0x0</load_address>
         <run_address>0x0</run_address>
         <size>0x218</size>
         <contents>
            <object_component_ref idref="oc-8f"/>
            <object_component_ref idref="oc-21"/>
            <object_component_ref idref="oc-63"/>
            <object_component_ref idref="oc-fe"/>
            <object_component_ref idref="oc-a0"/>
            <object_component_ref idref="oc-1b"/>
            <object_component_ref idref="oc-15"/>
            <object_component_ref idref="oc-24"/>
            <object_component_ref idref="oc-51"/>
            <object_component_ref idref="oc-32"/>
            <object_component_ref idref="oc-ce"/>
            <object_component_ref idref="oc-89"/>
            <object_component_ref idref="oc-c3"/>
         </contents>
      </logical_group>
      <logical_group id="lg-186" display="never" color="cyan">
         <name>.debug_pubtypes</name>
         <load_address>0x0</load_address>
         <run_address>0x0</run_address>
         <size>0xce0</size>
         <contents>
            <object_component_ref idref="oc-a8"/>
            <object_component_ref idref="oc-112"/>
            <object_component_ref idref="oc-10d"/>
            <object_component_ref idref="oc-2c"/>
            <object_component_ref idref="oc-106"/>
            <object_component_ref idref="oc-101"/>
            <object_component_ref idref="oc-37"/>
            <object_component_ref idref="oc-73"/>
            <object_component_ref idref="oc-27"/>
            <object_component_ref idref="oc-ad"/>
            <object_component_ref idref="oc-6c"/>
            <object_component_ref idref="oc-149"/>
            <object_component_ref idref="oc-15d"/>
            <object_component_ref idref="oc-14e"/>
            <object_component_ref idref="oc-153"/>
         </contents>
      </logical_group>
      <load_segment id="lg-196" display="no" color="cyan">
         <name>SEGMENT_0</name>
         <load_address>0x0</load_address>
         <run_address>0x0</run_address>
         <size>0x6a8</size>
         <flags>0x5</flags>
         <contents>
            <logical_group_ref idref="lg-3"/>
            <logical_group_ref idref="lg-4"/>
            <logical_group_ref idref="lg-6"/>
         </contents>
      </load_segment>
      <load_segment id="lg-197" display="no" color="cyan">
         <name>SEGMENT_1</name>
         <run_address>0x20000000</run_address>
         <size>0x4</size>
         <flags>0x6</flags>
         <contents>
            <logical_group_ref idref="lg-b"/>
         </contents>
      </load_segment>
      <load_segment id="lg-198" display="no" color="cyan">
         <name>SEGMENT_2</name>
         <run_address>0x2000fe00</run_address>
         <size>0x200</size>
         <flags>0x6</flags>
         <contents>
            <logical_group_ref idref="lg-e"/>
         </contents>
      </load_segment>
   </logical_group_list>
   <placement_map>
      <memory_area display="yes" color="green">
         <name>MAIN</name>
         <page_id>0x0</page_id>
         <origin>0x0</origin>
         <length>0x40000</length>
         <used_space>0x6a8</used_space>
         <unused_space>0x3f958</unused_space>
         <attributes>RX</attributes>
         <usage_details>
            <allocated_space>
               <start_address>0x0</start_address>
               <size>0x140</size>
               <logical_group_ref idref="lg-3"/>
            </allocated_space>
            <allocated_space>
               <start_address>0x140</start_address>
               <size>0x550</size>
               <logical_group_ref idref="lg-4"/>
            </allocated_space>
            <allocated_space>
               <start_address>0x690</start_address>
               <size>0x18</size>
               <logical_group_ref idref="lg-6"/>
            </allocated_space>
            <available_space>
               <start_address>0x6a8</start_address>
               <size>0x3f958</size>
            </available_space>
         </usage_details>
      </memory_area>
      <memory_area display="yes" color="green">
         <name>INFO</name>
         <page_id>0x0</page_id>
         <origin>0x200000</origin>
         <length>0x4000</length>
         <used_space>0x0</used_space>
         <unused_space>0x4000</unused_space>
         <attributes>RX</attributes>
         <usage_details>
         </usage_details>
      </memory_area>
      <memory_area display="yes" color="green">
         <name>SRAM_CODE</name>
         <page_id>0x0</page_id>
         <origin>0x1000000</origin>
         <length>0x10000</length>
         <used_space>0x0</used_space>
         <unused_space>0x10000</unused_space>
         <attributes>RWX</attributes>
         <usage_details>
         </usage_details>
      </memory_area>
      <memory_area display="yes" color="green">
         <name>SRAM_DATA</name>
         <page_id>0x0</page_id>
         <origin>0x20000000</origin>
         <length>0x10000</length>
         <used_space>0x204</used_space>
         <unused_space>0xfdfc</unused_space>
         <attributes>RW</attributes>
         <usage_details>
            <allocated_space>
               <start_address>0x20000000</start_address>
               <size>0x4</size>
               <logical_group_ref idref="lg-b"/>
            </allocated_space>
            <available_space>
               <start_address>0x20000004</start_address>
               <size>0xfdfc</size>
            </available_space>
            <allocated_space>
               <start_address>0x2000fe00</start_address>
               <size>0x200</size>
               <logical_group_ref idref="lg-e"/>
            </allocated_space>
         </usage_details>
      </memory_area>
   </placement_map>
   <cptbl_list>
      <cptbl>
         <name>__TI_cinit_table</name>
         <cprec>
            <name>.data</name>
            <load_address>0x690</load_address>
            <load_size>0x8</load_size>
            <run_address>0x20000000</run_address>
            <run_size>0x4</run_size>
            <compression>lzss</compression>
         </cprec>
      </cptbl>
   </cptbl_list>
   <handler_table>
      <handler_table_name>__TI_handler_table</handler_table_name>
      <handler>
         <index>0x0</index>
         <name>__TI_decompress_lzss</name>
      </handler>
      <handler>
         <index>0x1</index>
         <name>__TI_decompress_none</name>
      </handler>
   </handler_table>
   <symbol_table>
      <symbol id="sm-1">
         <name>WDTCTL_SYM</name>
         <value>0x4000480c</value>
      </symbol>
      <symbol id="sm-2">
         <name>__TI_CINIT_Base</name>
         <value>0x6a0</value>
      </symbol>
      <symbol id="sm-3">
         <name>__TI_CINIT_Limit</name>
         <value>0x6a8</value>
      </symbol>
      <symbol id="sm-4">
         <name>__TI_Handler_Table_Base</name>
         <value>0x698</value>
      </symbol>
      <symbol id="sm-5">
         <name>__TI_Handler_Table_Limit</name>
         <value>0x6a0</value>
      </symbol>
      <symbol id="sm-6">
         <name>binit</name>
         <value>0xffffffff</value>
      </symbol>
      <symbol id="sm-7">
         <name>__binit__</name>
         <value>0xffffffff</value>
      </symbol>
      <symbol id="sm-8">
         <name>__STACK_SIZE</name>
         <value>0x200</value>
      </symbol>
      <symbol id="sm-9">
         <name>__STACK_END</name>
         <value>0x20010000</value>
      </symbol>
      <symbol id="sm-a">
         <name>__c_args__</name>
         <value>0xffffffff</value>
      </symbol>
      <symbol id="sm-b">
         <name>__TI_pprof_out_hndl</name>
         <value>0xffffffff</value>
      </symbol>
      <symbol id="sm-c">
         <name>__TI_prof_data_start</name>
         <value>0xffffffff</value>
      </symbol>
      <symbol id="sm-d">
         <name>__TI_prof_data_size</name>
         <value>0xffffffff</value>
      </symbol>
      <symbol id="sm-55">
         <name>main</name>
         <value>0x505</value>
         <object_component_ref idref="oc-8c"/>
      </symbol>
      <symbol id="sm-72">
         <name>interruptVectors</name>
         <value>0x0</value>
         <object_component_ref idref="oc-1f"/>
      </symbol>
      <symbol id="sm-b9">
         <name>SystemInit</name>
         <value>0x3b5</value>
         <object_component_ref idref="oc-9e"/>
      </symbol>
      <symbol id="sm-ba">
         <name>SystemCoreClockUpdate</name>
         <value>0x141</value>
         <object_component_ref idref="oc-9e"/>
      </symbol>
      <symbol id="sm-bb">
         <name>SystemCoreClock</name>
         <value>0x20000000</value>
         <object_component_ref idref="oc-fc"/>
      </symbol>
      <symbol id="sm-d3">
         <name>__TI_decompress_none</name>
         <value>0x67b</value>
         <object_component_ref idref="oc-16"/>
      </symbol>
      <symbol id="sm-f6">
         <name>__TI_decompress_lzss</name>
         <value>0x589</value>
         <object_component_ref idref="oc-10"/>
      </symbol>
      <symbol id="sm-109">
         <name>__stack</name>
         <value>0x2000fe00</value>
         <object_component_ref idref="oc-22"/>
      </symbol>
      <symbol id="sm-10a">
         <name>_c_int00_noargs</name>
         <value>0x635</value>
         <object_component_ref idref="oc-4e"/>
      </symbol>
      <symbol id="sm-125">
         <name>memcpy</name>
         <value>0x469</value>
         <object_component_ref idref="oc-30"/>
      </symbol>
      <symbol id="sm-126">
         <name>__aeabi_memcpy</name>
         <value>0x469</value>
         <object_component_ref idref="oc-30"/>
      </symbol>
      <symbol id="sm-127">
         <name>__aeabi_memcpy8</name>
         <value>0x469</value>
         <object_component_ref idref="oc-30"/>
      </symbol>
      <symbol id="sm-128">
         <name>__aeabi_memcpy4</name>
         <value>0x469</value>
         <object_component_ref idref="oc-30"/>
      </symbol>
      <symbol id="sm-151">
         <name>__TI_auto_init_nobinit_nopinit</name>
         <value>0x5f1</value>
         <object_component_ref idref="oc-ca"/>
      </symbol>
      <symbol id="sm-15b">
         <name>_system_pre_init</name>
         <value>0x689</value>
         <object_component_ref idref="oc-86"/>
      </symbol>
      <symbol id="sm-167">
         <name>C$$EXIT</name>
         <value>0x68d</value>
         <object_component_ref idref="oc-be"/>
      </symbol>
      <symbol id="sm-168">
         <name>abort</name>
         <value>0x68d</value>
         <object_component_ref idref="oc-be"/>
      </symbol>
      <symbol id="sm-16b">
         <name>__TI_static_base__</name>
         <value>0x0</value>
      </symbol>
      <symbol id="sm-16e">
         <name>__mpu_init</name>
         <value>0x0</value>
      </symbol>
      <symbol id="sm-16f">
         <name>_system_post_cinit</name>
         <value>0x0</value>
      </symbol>
   </symbol_table>
   <title>Link successful</title>
</link_info>
