<?xml version="1.0" encoding="ISO-8859-1" ?>
<link_info>
   <banner>TI ARM Linker PC v18.12.4.LTS</banner>
   <copyright>Copyright (c) 1996-2018 Texas Instruments Incorporated</copyright>
   <link_time>0x63353ddc</link_time>
   <link_errors>0x0</link_errors>
   <output_file>lab4.2.out</output_file>
   <entry_point>
      <name>_c_int00_noargs</name>
      <address>0x68d</address>
   </entry_point>
   <input_file_list>
      <input_file id="fl-2">
         <path>.\</path>
         <kind>object</kind>
         <file>lab4.obj</file>
         <name>lab4.obj</name>
      </input_file>
      <input_file id="fl-3">
         <path>.\</path>
         <kind>object</kind>
         <file>startup_msp432p401r_ccs.obj</file>
         <name>startup_msp432p401r_ccs.obj</name>
      </input_file>
      <input_file id="fl-4">
         <path>.\</path>
         <kind>object</kind>
         <file>system_msp432p401r.obj</file>
         <name>system_msp432p401r.obj</name>
      </input_file>
      <input_file id="fl-9">
         <kind>object</kind>
         <file>&lt;internal&gt;</file>
         <name>&lt;internal&gt;</name>
      </input_file>
      <input_file id="fl-a">
         <path>C:\Users\serap\Desktop\msp432_driverlib_3_21_00_05\driverlib\MSP432P4xx\ccs\</path>
         <kind>archive</kind>
         <file>msp432p4xx_driverlib.lib</file>
         <name>pcm.o</name>
      </input_file>
      <input_file id="fl-b">
         <path>C:\Users\serap\Desktop\msp432_driverlib_3_21_00_05\driverlib\MSP432P4xx\ccs\</path>
         <kind>archive</kind>
         <file>msp432p4xx_driverlib.lib</file>
         <name>rtc_c.o</name>
      </input_file>
      <input_file id="fl-c">
         <path>C:\Users\serap\Desktop\msp432_driverlib_3_21_00_05\driverlib\MSP432P4xx\ccs\</path>
         <kind>archive</kind>
         <file>msp432p4xx_driverlib.lib</file>
         <name>wdt_a.o</name>
      </input_file>
      <input_file id="fl-d">
         <path>C:\Users\serap\Desktop\msp432_driverlib_3_21_00_05\driverlib\MSP432P4xx\ccs\</path>
         <kind>archive</kind>
         <file>msp432p4xx_driverlib.lib</file>
         <name>cpu.o</name>
      </input_file>
      <input_file id="fl-e">
         <path>C:\Users\serap\Desktop\msp432_driverlib_3_21_00_05\driverlib\MSP432P4xx\ccs\</path>
         <kind>archive</kind>
         <file>msp432p4xx_driverlib.lib</file>
         <name>interrupt.o</name>
      </input_file>
      <input_file id="fl-f">
         <path>C:\Users\serap\Desktop\msp432_driverlib_3_21_00_05\driverlib\MSP432P4xx\ccs\</path>
         <kind>archive</kind>
         <file>msp432p4xx_driverlib.lib</file>
         <name>sysctl.o</name>
      </input_file>
      <input_file id="fl-c5">
         <path>C:\ti\ccs930\ccs\tools\compiler\ti-cgt-arm_18.12.4.LTS\lib\</path>
         <kind>archive</kind>
         <file>rtsv7M4_T_le_v4SPD16_eabi.lib</file>
         <name>copy_zero_init.c.obj</name>
      </input_file>
      <input_file id="fl-c6">
         <path>C:\ti\ccs930\ccs\tools\compiler\ti-cgt-arm_18.12.4.LTS\lib\</path>
         <kind>archive</kind>
         <file>rtsv7M4_T_le_v4SPD16_eabi.lib</file>
         <name>copy_decompress_none.c.obj</name>
      </input_file>
      <input_file id="fl-c7">
         <path>C:\ti\ccs930\ccs\tools\compiler\ti-cgt-arm_18.12.4.LTS\lib\</path>
         <kind>archive</kind>
         <file>rtsv7M4_T_le_v4SPD16_eabi.lib</file>
         <name>copy_decompress_lzss.c.obj</name>
      </input_file>
      <input_file id="fl-c8">
         <path>C:\ti\ccs930\ccs\tools\compiler\ti-cgt-arm_18.12.4.LTS\lib\</path>
         <kind>archive</kind>
         <file>rtsv7M4_T_le_v4SPD16_eabi.lib</file>
         <name>boot_cortex_m.c.obj</name>
      </input_file>
      <input_file id="fl-c9">
         <path>C:\ti\ccs930\ccs\tools\compiler\ti-cgt-arm_18.12.4.LTS\lib\</path>
         <kind>archive</kind>
         <file>rtsv7M4_T_le_v4SPD16_eabi.lib</file>
         <name>memcpy_t2.asm.obj</name>
      </input_file>
      <input_file id="fl-ca">
         <path>C:\ti\ccs930\ccs\tools\compiler\ti-cgt-arm_18.12.4.LTS\lib\</path>
         <kind>archive</kind>
         <file>rtsv7M4_T_le_v4SPD16_eabi.lib</file>
         <name>memset_t2.asm.obj</name>
      </input_file>
      <input_file id="fl-cb">
         <path>C:\ti\ccs930\ccs\tools\compiler\ti-cgt-arm_18.12.4.LTS\lib\</path>
         <kind>archive</kind>
         <file>rtsv7M4_T_le_v4SPD16_eabi.lib</file>
         <name>autoinit.c.obj</name>
      </input_file>
      <input_file id="fl-cc">
         <path>C:\ti\ccs930\ccs\tools\compiler\ti-cgt-arm_18.12.4.LTS\lib\</path>
         <kind>archive</kind>
         <file>rtsv7M4_T_le_v4SPD16_eabi.lib</file>
         <name>pre_init.c.obj</name>
      </input_file>
      <input_file id="fl-cd">
         <path>C:\ti\ccs930\ccs\tools\compiler\ti-cgt-arm_18.12.4.LTS\lib\</path>
         <kind>archive</kind>
         <file>rtsv7M4_T_le_v4SPD16_eabi.lib</file>
         <name>cpy_tbl.c.obj</name>
      </input_file>
      <input_file id="fl-ce">
         <path>C:\ti\ccs930\ccs\tools\compiler\ti-cgt-arm_18.12.4.LTS\lib\</path>
         <kind>archive</kind>
         <file>rtsv7M4_T_le_v4SPD16_eabi.lib</file>
         <name>exit.c.obj</name>
      </input_file>
      <input_file id="fl-cf">
         <path>C:\ti\ccs930\ccs\tools\compiler\ti-cgt-arm_18.12.4.LTS\lib\</path>
         <kind>archive</kind>
         <file>rtsv7M4_T_le_v4SPD16_eabi.lib</file>
         <name>_lock.c.obj</name>
      </input_file>
      <input_file id="fl-d0">
         <path>C:\ti\ccs930\ccs\tools\compiler\ti-cgt-arm_18.12.4.LTS\lib\</path>
         <kind>archive</kind>
         <file>rtsv7M4_T_le_v4SPD16_eabi.lib</file>
         <name>args_main.c.obj</name>
      </input_file>
   </input_file_list>
   <object_component_list>
      <object_component id="oc-1f">
         <name>.intvecs:retain</name>
         <load_address>0x0</load_address>
         <run_address>0x0</run_address>
         <size>0x140</size>
         <input_file_ref idref="fl-3"/>
      </object_component>
      <object_component id="oc-9e">
         <name>.text</name>
         <load_address>0x140</load_address>
         <run_address>0x140</run_address>
         <size>0x328</size>
         <input_file_ref idref="fl-4"/>
      </object_component>
      <object_component id="oc-66">
         <name>.text</name>
         <load_address>0x468</load_address>
         <run_address>0x468</run_address>
         <size>0xdc</size>
         <input_file_ref idref="fl-2"/>
      </object_component>
      <object_component id="oc-30">
         <name>.text</name>
         <load_address>0x544</load_address>
         <run_address>0x544</run_address>
         <size>0x9c</size>
         <input_file_ref idref="fl-c9"/>
      </object_component>
      <object_component id="oc-10">
         <name>.text:decompress:lzss:__TI_decompress_lzss</name>
         <load_address>0x5e0</load_address>
         <run_address>0x5e0</run_address>
         <size>0x68</size>
         <input_file_ref idref="fl-c7"/>
      </object_component>
      <object_component id="oc-dc">
         <name>.text:__TI_auto_init_nobinit_nopinit:__TI_auto_init_nobinit_nopinit</name>
         <load_address>0x648</load_address>
         <run_address>0x648</run_address>
         <size>0x44</size>
         <input_file_ref idref="fl-cb"/>
      </object_component>
      <object_component id="oc-4e">
         <name>.text:_c_int00_noargs:_c_int00_noargs</name>
         <load_address>0x68c</load_address>
         <run_address>0x68c</run_address>
         <size>0x34</size>
         <input_file_ref idref="fl-c8"/>
      </object_component>
      <object_component id="oc-a5">
         <name>.text:PCM_gotoLPM0</name>
         <load_address>0x6c0</load_address>
         <run_address>0x6c0</run_address>
         <size>0x28</size>
         <input_file_ref idref="fl-a"/>
      </object_component>
      <object_component id="oc-60">
         <name>.text</name>
         <load_address>0x6e8</load_address>
         <run_address>0x6e8</run_address>
         <size>0x12</size>
         <input_file_ref idref="fl-3"/>
      </object_component>
      <object_component id="oc-16">
         <name>.text:decompress:none:__TI_decompress_none</name>
         <load_address>0x6fa</load_address>
         <run_address>0x6fa</run_address>
         <size>0xe</size>
         <input_file_ref idref="fl-c6"/>
      </object_component>
      <object_component id="oc-112">
         <name>.text:CPU_wfi</name>
         <load_address>0x708</load_address>
         <run_address>0x708</run_address>
         <size>0x4</size>
         <input_file_ref idref="fl-d"/>
      </object_component>
      <object_component id="oc-8c">
         <name>.text:_system_pre_init</name>
         <load_address>0x70c</load_address>
         <run_address>0x70c</run_address>
         <size>0x4</size>
         <input_file_ref idref="fl-cc"/>
      </object_component>
      <object_component id="oc-d0">
         <name>.text:abort:abort</name>
         <load_address>0x710</load_address>
         <run_address>0x710</run_address>
         <size>0x4</size>
         <input_file_ref idref="fl-ce"/>
      </object_component>
      <object_component id="oc-1b4">
         <name>.cinit..data.load</name>
         <load_address>0x718</load_address>
         <run_address>0x718</run_address>
         <size>0x1e</size>
      </object_component>
      <object_component id="oc-1b2">
         <name>__TI_handler_table</name>
         <load_address>0x738</load_address>
         <run_address>0x738</run_address>
         <size>0x8</size>
      </object_component>
      <object_component id="oc-1b3">
         <name>__TI_cinit_table</name>
         <load_address>0x740</load_address>
         <run_address>0x740</run_address>
         <size>0x8</size>
      </object_component>
      <object_component id="oc-ab">
         <name>.data:pwmConfig</name>
         <load_address>0x20000000</load_address>
         <run_address>0x20000000</run_address>
         <size>0x18</size>
         <input_file_ref idref="fl-2"/>
      </object_component>
      <object_component id="oc-10e">
         <name>.data</name>
         <load_address>0x20000018</load_address>
         <run_address>0x20000018</run_address>
         <size>0x4</size>
         <input_file_ref idref="fl-4"/>
      </object_component>
      <object_component id="oc-22">
         <name>.stack</name>
         <uninitialized>true</uninitialized>
         <run_address>0x2000fe00</run_address>
         <size>0x4</size>
         <input_file_ref idref="fl-c8"/>
      </object_component>
      <object_component id="oc-1b5">
         <name>.stack</name>
         <uninitialized>true</uninitialized>
         <run_address>0x2000fe00</run_address>
         <size>0x0</size>
      </object_component>
      <object_component id="oc-125">
         <name>.debug_info</name>
         <load_address>0x0</load_address>
         <run_address>0x0</run_address>
         <size>0x550</size>
         <input_file_ref idref="fl-2"/>
      </object_component>
      <object_component id="oc-ac">
         <name>.debug_info</name>
         <load_address>0x550</load_address>
         <run_address>0x550</run_address>
         <size>0xcb</size>
         <input_file_ref idref="fl-2"/>
      </object_component>
      <object_component id="oc-67">
         <name>.debug_info</name>
         <load_address>0x61b</load_address>
         <run_address>0x61b</run_address>
         <size>0x1b9</size>
         <input_file_ref idref="fl-2"/>
      </object_component>
      <object_component id="oc-bb">
         <name>.debug_info</name>
         <load_address>0x7d4</load_address>
         <run_address>0x7d4</run_address>
         <size>0x26b</size>
         <input_file_ref idref="fl-2"/>
      </object_component>
      <object_component id="oc-155">
         <name>.debug_info</name>
         <load_address>0xa3f</load_address>
         <run_address>0xa3f</run_address>
         <size>0x1055</size>
         <input_file_ref idref="fl-2"/>
      </object_component>
      <object_component id="oc-150">
         <name>.debug_info</name>
         <load_address>0x1a94</load_address>
         <run_address>0x1a94</run_address>
         <size>0x37e2</size>
         <input_file_ref idref="fl-2"/>
      </object_component>
      <object_component id="oc-11b">
         <name>.debug_info</name>
         <load_address>0x5276</load_address>
         <run_address>0x5276</run_address>
         <size>0x341</size>
         <input_file_ref idref="fl-2"/>
      </object_component>
      <object_component id="oc-af">
         <name>.debug_info</name>
         <load_address>0x55b7</load_address>
         <run_address>0x55b7</run_address>
         <size>0x8b</size>
         <input_file_ref idref="fl-2"/>
      </object_component>
      <object_component id="oc-120">
         <name>.debug_info</name>
         <load_address>0x5642</load_address>
         <run_address>0x5642</run_address>
         <size>0x297</size>
         <input_file_ref idref="fl-2"/>
      </object_component>
      <object_component id="oc-149">
         <name>.debug_info</name>
         <load_address>0x58d9</load_address>
         <run_address>0x58d9</run_address>
         <size>0xef</size>
         <input_file_ref idref="fl-2"/>
      </object_component>
      <object_component id="oc-b4">
         <name>.debug_info</name>
         <load_address>0x59c8</load_address>
         <run_address>0x59c8</run_address>
         <size>0xbb</size>
         <input_file_ref idref="fl-2"/>
      </object_component>
      <object_component id="oc-6e">
         <name>.debug_info</name>
         <load_address>0x5a83</load_address>
         <run_address>0x5a83</run_address>
         <size>0x2e9</size>
         <input_file_ref idref="fl-3"/>
      </object_component>
      <object_component id="oc-20">
         <name>.debug_info</name>
         <load_address>0x5d6c</load_address>
         <run_address>0x5d6c</run_address>
         <size>0xec</size>
         <input_file_ref idref="fl-3"/>
      </object_component>
      <object_component id="oc-61">
         <name>.debug_info</name>
         <load_address>0x5e58</load_address>
         <run_address>0x5e58</run_address>
         <size>0x253</size>
         <input_file_ref idref="fl-3"/>
      </object_component>
      <object_component id="oc-2b">
         <name>.debug_info</name>
         <load_address>0x60ab</load_address>
         <run_address>0x60ab</run_address>
         <size>0x84</size>
         <input_file_ref idref="fl-3"/>
      </object_component>
      <object_component id="oc-10f">
         <name>.debug_info</name>
         <load_address>0x612f</load_address>
         <run_address>0x612f</run_address>
         <size>0xe5</size>
         <input_file_ref idref="fl-4"/>
      </object_component>
      <object_component id="oc-a0">
         <name>.debug_info</name>
         <load_address>0x6214</load_address>
         <run_address>0x6214</run_address>
         <size>0x257</size>
         <input_file_ref idref="fl-4"/>
      </object_component>
      <object_component id="oc-a7">
         <name>.debug_info</name>
         <load_address>0x646b</load_address>
         <run_address>0x646b</run_address>
         <size>0xfd</size>
         <input_file_ref idref="fl-a"/>
      </object_component>
      <object_component id="oc-115">
         <name>.debug_info</name>
         <load_address>0x6568</load_address>
         <run_address>0x6568</run_address>
         <size>0xe1</size>
         <input_file_ref idref="fl-d"/>
      </object_component>
      <object_component id="oc-3b">
         <name>.debug_info</name>
         <load_address>0x6649</load_address>
         <run_address>0x6649</run_address>
         <size>0x2a7</size>
         <input_file_ref idref="fl-c6"/>
      </object_component>
      <object_component id="oc-18">
         <name>.debug_info</name>
         <load_address>0x68f0</load_address>
         <run_address>0x68f0</run_address>
         <size>0x1e9</size>
         <input_file_ref idref="fl-c6"/>
      </object_component>
      <object_component id="oc-36">
         <name>.debug_info</name>
         <load_address>0x6ad9</load_address>
         <run_address>0x6ad9</run_address>
         <size>0x46</size>
         <input_file_ref idref="fl-c6"/>
      </object_component>
      <object_component id="oc-78">
         <name>.debug_info</name>
         <load_address>0x6b1f</load_address>
         <run_address>0x6b1f</run_address>
         <size>0x2c</size>
         <input_file_ref idref="fl-c6"/>
      </object_component>
      <object_component id="oc-76">
         <name>.debug_info</name>
         <load_address>0x6b4b</load_address>
         <run_address>0x6b4b</run_address>
         <size>0x29d</size>
         <input_file_ref idref="fl-c7"/>
      </object_component>
      <object_component id="oc-11">
         <name>.debug_info</name>
         <load_address>0x6de8</load_address>
         <run_address>0x6de8</run_address>
         <size>0x24f</size>
         <input_file_ref idref="fl-c7"/>
      </object_component>
      <object_component id="oc-26">
         <name>.debug_info</name>
         <load_address>0x7037</load_address>
         <run_address>0x7037</run_address>
         <size>0x60</size>
         <input_file_ref idref="fl-c7"/>
      </object_component>
      <object_component id="oc-c0">
         <name>.debug_info</name>
         <load_address>0x7097</load_address>
         <run_address>0x7097</run_address>
         <size>0x46</size>
         <input_file_ref idref="fl-c7"/>
      </object_component>
      <object_component id="oc-71">
         <name>.debug_info</name>
         <load_address>0x70dd</load_address>
         <run_address>0x70dd</run_address>
         <size>0x39</size>
         <input_file_ref idref="fl-c7"/>
      </object_component>
      <object_component id="oc-23">
         <name>.debug_info</name>
         <load_address>0x7116</load_address>
         <run_address>0x7116</run_address>
         <size>0x10a</size>
         <input_file_ref idref="fl-c8"/>
      </object_component>
      <object_component id="oc-52">
         <name>.debug_info</name>
         <load_address>0x7220</load_address>
         <run_address>0x7220</run_address>
         <size>0x1a8</size>
         <input_file_ref idref="fl-c8"/>
      </object_component>
      <object_component id="oc-31">
         <name>.debug_info</name>
         <load_address>0x73c8</load_address>
         <run_address>0x73c8</run_address>
         <size>0x118</size>
         <input_file_ref idref="fl-c9"/>
      </object_component>
      <object_component id="oc-131">
         <name>.debug_info</name>
         <load_address>0x74e0</load_address>
         <run_address>0x74e0</run_address>
         <size>0x4b2</size>
         <input_file_ref idref="fl-cb"/>
      </object_component>
      <object_component id="oc-de">
         <name>.debug_info</name>
         <load_address>0x7992</load_address>
         <run_address>0x7992</run_address>
         <size>0x1a5</size>
         <input_file_ref idref="fl-cb"/>
      </object_component>
      <object_component id="oc-16a">
         <name>.debug_info</name>
         <load_address>0x7b37</load_address>
         <run_address>0x7b37</run_address>
         <size>0x39</size>
         <input_file_ref idref="fl-cb"/>
      </object_component>
      <object_component id="oc-17e">
         <name>.debug_info</name>
         <load_address>0x7b70</load_address>
         <run_address>0x7b70</run_address>
         <size>0x39</size>
         <input_file_ref idref="fl-cb"/>
      </object_component>
      <object_component id="oc-16f">
         <name>.debug_info</name>
         <load_address>0x7ba9</load_address>
         <run_address>0x7ba9</run_address>
         <size>0x39</size>
         <input_file_ref idref="fl-cb"/>
      </object_component>
      <object_component id="oc-174">
         <name>.debug_info</name>
         <load_address>0x7be2</load_address>
         <run_address>0x7be2</run_address>
         <size>0xcd</size>
         <input_file_ref idref="fl-cb"/>
      </object_component>
      <object_component id="oc-8d">
         <name>.debug_info</name>
         <load_address>0x7caf</load_address>
         <run_address>0x7caf</run_address>
         <size>0x152</size>
         <input_file_ref idref="fl-cc"/>
      </object_component>
      <object_component id="oc-d2">
         <name>.debug_info</name>
         <load_address>0x7e01</load_address>
         <run_address>0x7e01</run_address>
         <size>0x121</size>
         <input_file_ref idref="fl-ce"/>
      </object_component>
      <object_component id="oc-1b6">
         <name>.debug_info</name>
         <load_address>0x7f22</load_address>
         <run_address>0x7f22</run_address>
         <size>0x98</size>
      </object_component>
      <object_component id="oc-14f">
         <name>.debug_line</name>
         <load_address>0x0</load_address>
         <run_address>0x0</run_address>
         <size>0x71</size>
         <input_file_ref idref="fl-2"/>
      </object_component>
      <object_component id="oc-11a">
         <name>.debug_line</name>
         <load_address>0x71</load_address>
         <run_address>0x71</run_address>
         <size>0x2d</size>
         <input_file_ref idref="fl-2"/>
      </object_component>
      <object_component id="oc-6a">
         <name>.debug_line</name>
         <load_address>0x9e</load_address>
         <run_address>0x9e</run_address>
         <size>0x7e</size>
         <input_file_ref idref="fl-2"/>
      </object_component>
      <object_component id="oc-be">
         <name>.debug_line</name>
         <load_address>0x11c</load_address>
         <run_address>0x11c</run_address>
         <size>0x6f</size>
         <input_file_ref idref="fl-2"/>
      </object_component>
      <object_component id="oc-158">
         <name>.debug_line</name>
         <load_address>0x18b</load_address>
         <run_address>0x18b</run_address>
         <size>0x5a</size>
         <input_file_ref idref="fl-2"/>
      </object_component>
      <object_component id="oc-153">
         <name>.debug_line</name>
         <load_address>0x1e5</load_address>
         <run_address>0x1e5</run_address>
         <size>0x57</size>
         <input_file_ref idref="fl-2"/>
      </object_component>
      <object_component id="oc-11e">
         <name>.debug_line</name>
         <load_address>0x23c</load_address>
         <run_address>0x23c</run_address>
         <size>0x75</size>
         <input_file_ref idref="fl-2"/>
      </object_component>
      <object_component id="oc-b2">
         <name>.debug_line</name>
         <load_address>0x2b1</load_address>
         <run_address>0x2b1</run_address>
         <size>0x20</size>
         <input_file_ref idref="fl-2"/>
      </object_component>
      <object_component id="oc-123">
         <name>.debug_line</name>
         <load_address>0x2d1</load_address>
         <run_address>0x2d1</run_address>
         <size>0x73</size>
         <input_file_ref idref="fl-2"/>
      </object_component>
      <object_component id="oc-14c">
         <name>.debug_line</name>
         <load_address>0x344</load_address>
         <run_address>0x344</run_address>
         <size>0x6f</size>
         <input_file_ref idref="fl-2"/>
      </object_component>
      <object_component id="oc-b7">
         <name>.debug_line</name>
         <load_address>0x3b3</load_address>
         <run_address>0x3b3</run_address>
         <size>0x70</size>
         <input_file_ref idref="fl-2"/>
      </object_component>
      <object_component id="oc-ba">
         <name>.debug_line</name>
         <load_address>0x423</load_address>
         <run_address>0x423</run_address>
         <size>0x40</size>
         <input_file_ref idref="fl-3"/>
      </object_component>
      <object_component id="oc-6d">
         <name>.debug_line</name>
         <load_address>0x463</load_address>
         <run_address>0x463</run_address>
         <size>0x40</size>
         <input_file_ref idref="fl-3"/>
      </object_component>
      <object_component id="oc-64">
         <name>.debug_line</name>
         <load_address>0x4a3</load_address>
         <run_address>0x4a3</run_address>
         <size>0xa1</size>
         <input_file_ref idref="fl-3"/>
      </object_component>
      <object_component id="oc-2e">
         <name>.debug_line</name>
         <load_address>0x544</load_address>
         <run_address>0x544</run_address>
         <size>0x20</size>
         <input_file_ref idref="fl-3"/>
      </object_component>
      <object_component id="oc-147">
         <name>.debug_line</name>
         <load_address>0x564</load_address>
         <run_address>0x564</run_address>
         <size>0x3b</size>
         <input_file_ref idref="fl-4"/>
      </object_component>
      <object_component id="oc-a3">
         <name>.debug_line</name>
         <load_address>0x59f</load_address>
         <run_address>0x59f</run_address>
         <size>0x146</size>
         <input_file_ref idref="fl-4"/>
      </object_component>
      <object_component id="oc-a6">
         <name>.debug_line</name>
         <load_address>0x6e5</load_address>
         <run_address>0x6e5</run_address>
         <size>0x46</size>
         <input_file_ref idref="fl-a"/>
      </object_component>
      <object_component id="oc-117">
         <name>.debug_line</name>
         <load_address>0x72b</load_address>
         <run_address>0x72b</run_address>
         <size>0x3b</size>
         <input_file_ref idref="fl-d"/>
      </object_component>
      <object_component id="oc-7e">
         <name>.debug_line</name>
         <load_address>0x766</load_address>
         <run_address>0x766</run_address>
         <size>0x20</size>
         <input_file_ref idref="fl-c6"/>
      </object_component>
      <object_component id="oc-17">
         <name>.debug_line</name>
         <load_address>0x786</load_address>
         <run_address>0x786</run_address>
         <size>0x55</size>
         <input_file_ref idref="fl-c6"/>
      </object_component>
      <object_component id="oc-39">
         <name>.debug_line</name>
         <load_address>0x7db</load_address>
         <run_address>0x7db</run_address>
         <size>0x3a</size>
         <input_file_ref idref="fl-c6"/>
      </object_component>
      <object_component id="oc-7b">
         <name>.debug_line</name>
         <load_address>0x815</load_address>
         <run_address>0x815</run_address>
         <size>0x90</size>
         <input_file_ref idref="fl-c6"/>
      </object_component>
      <object_component id="oc-c6">
         <name>.debug_line</name>
         <load_address>0x8a5</load_address>
         <run_address>0x8a5</run_address>
         <size>0x20</size>
         <input_file_ref idref="fl-c7"/>
      </object_component>
      <object_component id="oc-14">
         <name>.debug_line</name>
         <load_address>0x8c5</load_address>
         <run_address>0x8c5</run_address>
         <size>0xa9</size>
         <input_file_ref idref="fl-c7"/>
      </object_component>
      <object_component id="oc-29">
         <name>.debug_line</name>
         <load_address>0x96e</load_address>
         <run_address>0x96e</run_address>
         <size>0x3a</size>
         <input_file_ref idref="fl-c7"/>
      </object_component>
      <object_component id="oc-c3">
         <name>.debug_line</name>
         <load_address>0x9a8</load_address>
         <run_address>0x9a8</run_address>
         <size>0x98</size>
         <input_file_ref idref="fl-c7"/>
      </object_component>
      <object_component id="oc-74">
         <name>.debug_line</name>
         <load_address>0xa40</load_address>
         <run_address>0xa40</run_address>
         <size>0x94</size>
         <input_file_ref idref="fl-c7"/>
      </object_component>
      <object_component id="oc-70">
         <name>.debug_line</name>
         <load_address>0xad4</load_address>
         <run_address>0xad4</run_address>
         <size>0x33</size>
         <input_file_ref idref="fl-c8"/>
      </object_component>
      <object_component id="oc-51">
         <name>.debug_line</name>
         <load_address>0xb07</load_address>
         <run_address>0xb07</run_address>
         <size>0x45</size>
         <input_file_ref idref="fl-c8"/>
      </object_component>
      <object_component id="oc-34">
         <name>.debug_line</name>
         <load_address>0xb4c</load_address>
         <run_address>0xb4c</run_address>
         <size>0x88</size>
         <input_file_ref idref="fl-c9"/>
      </object_component>
      <object_component id="oc-169">
         <name>.debug_line</name>
         <load_address>0xbd4</load_address>
         <run_address>0xbd4</run_address>
         <size>0xbd</size>
         <input_file_ref idref="fl-cb"/>
      </object_component>
      <object_component id="oc-e1">
         <name>.debug_line</name>
         <load_address>0xc91</load_address>
         <run_address>0xc91</run_address>
         <size>0x6f</size>
         <input_file_ref idref="fl-cb"/>
      </object_component>
      <object_component id="oc-16d">
         <name>.debug_line</name>
         <load_address>0xd00</load_address>
         <run_address>0xd00</run_address>
         <size>0x2e</size>
         <input_file_ref idref="fl-cb"/>
      </object_component>
      <object_component id="oc-181">
         <name>.debug_line</name>
         <load_address>0xd2e</load_address>
         <run_address>0xd2e</run_address>
         <size>0x98</size>
         <input_file_ref idref="fl-cb"/>
      </object_component>
      <object_component id="oc-172">
         <name>.debug_line</name>
         <load_address>0xdc6</load_address>
         <run_address>0xdc6</run_address>
         <size>0x95</size>
         <input_file_ref idref="fl-cb"/>
      </object_component>
      <object_component id="oc-177">
         <name>.debug_line</name>
         <load_address>0xe5b</load_address>
         <run_address>0xe5b</run_address>
         <size>0x91</size>
         <input_file_ref idref="fl-cb"/>
      </object_component>
      <object_component id="oc-90">
         <name>.debug_line</name>
         <load_address>0xeec</load_address>
         <run_address>0xeec</run_address>
         <size>0x40</size>
         <input_file_ref idref="fl-cc"/>
      </object_component>
      <object_component id="oc-d1">
         <name>.debug_line</name>
         <load_address>0xf2c</load_address>
         <run_address>0xf2c</run_address>
         <size>0x3c</size>
         <input_file_ref idref="fl-ce"/>
      </object_component>
      <object_component id="oc-6b">
         <name>.debug_frame</name>
         <load_address>0x0</load_address>
         <run_address>0x0</run_address>
         <size>0x70</size>
         <input_file_ref idref="fl-2"/>
      </object_component>
      <object_component id="oc-65">
         <name>.debug_frame</name>
         <load_address>0x70</load_address>
         <run_address>0x70</run_address>
         <size>0x94</size>
         <input_file_ref idref="fl-3"/>
      </object_component>
      <object_component id="oc-a2">
         <name>.debug_frame</name>
         <load_address>0x104</load_address>
         <run_address>0x104</run_address>
         <size>0x70</size>
         <input_file_ref idref="fl-4"/>
      </object_component>
      <object_component id="oc-aa">
         <name>.debug_frame</name>
         <load_address>0x37c</load_address>
         <run_address>0x37c</run_address>
         <size>0x86</size>
         <input_file_ref idref="fl-a"/>
      </object_component>
      <object_component id="oc-114">
         <name>.debug_frame</name>
         <load_address>0x402</load_address>
         <run_address>0x402</run_address>
         <size>0x7f</size>
         <input_file_ref idref="fl-d"/>
      </object_component>
      <object_component id="oc-1b">
         <name>.debug_frame</name>
         <load_address>0x174</load_address>
         <run_address>0x174</run_address>
         <size>0x54</size>
         <input_file_ref idref="fl-c6"/>
      </object_component>
      <object_component id="oc-15">
         <name>.debug_frame</name>
         <load_address>0x1c8</load_address>
         <run_address>0x1c8</run_address>
         <size>0x60</size>
         <input_file_ref idref="fl-c7"/>
      </object_component>
      <object_component id="oc-50">
         <name>.debug_frame</name>
         <load_address>0x228</load_address>
         <run_address>0x228</run_address>
         <size>0x50</size>
         <input_file_ref idref="fl-c8"/>
      </object_component>
      <object_component id="oc-dd">
         <name>.debug_frame</name>
         <load_address>0x278</load_address>
         <run_address>0x278</run_address>
         <size>0x5c</size>
         <input_file_ref idref="fl-cb"/>
      </object_component>
      <object_component id="oc-91">
         <name>.debug_frame</name>
         <load_address>0x2d4</load_address>
         <run_address>0x2d4</run_address>
         <size>0x54</size>
         <input_file_ref idref="fl-cc"/>
      </object_component>
      <object_component id="oc-d5">
         <name>.debug_frame</name>
         <load_address>0x328</load_address>
         <run_address>0x328</run_address>
         <size>0x54</size>
         <input_file_ref idref="fl-ce"/>
      </object_component>
      <object_component id="oc-14e">
         <name>.debug_abbrev</name>
         <load_address>0x0</load_address>
         <run_address>0x0</run_address>
         <size>0x90</size>
         <input_file_ref idref="fl-2"/>
      </object_component>
      <object_component id="oc-119">
         <name>.debug_abbrev</name>
         <load_address>0x90</load_address>
         <run_address>0x90</run_address>
         <size>0x29</size>
         <input_file_ref idref="fl-2"/>
      </object_component>
      <object_component id="oc-ae">
         <name>.debug_abbrev</name>
         <load_address>0xb9</load_address>
         <run_address>0xb9</run_address>
         <size>0xaa</size>
         <input_file_ref idref="fl-2"/>
      </object_component>
      <object_component id="oc-bd">
         <name>.debug_abbrev</name>
         <load_address>0x163</load_address>
         <run_address>0x163</run_address>
         <size>0x69</size>
         <input_file_ref idref="fl-2"/>
      </object_component>
      <object_component id="oc-157">
         <name>.debug_abbrev</name>
         <load_address>0x1cc</load_address>
         <run_address>0x1cc</run_address>
         <size>0x97</size>
         <input_file_ref idref="fl-2"/>
      </object_component>
      <object_component id="oc-152">
         <name>.debug_abbrev</name>
         <load_address>0x263</load_address>
         <run_address>0x263</run_address>
         <size>0xbd</size>
         <input_file_ref idref="fl-2"/>
      </object_component>
      <object_component id="oc-11d">
         <name>.debug_abbrev</name>
         <load_address>0x320</load_address>
         <run_address>0x320</run_address>
         <size>0x4b</size>
         <input_file_ref idref="fl-2"/>
      </object_component>
      <object_component id="oc-b1">
         <name>.debug_abbrev</name>
         <load_address>0x36b</load_address>
         <run_address>0x36b</run_address>
         <size>0x1f</size>
         <input_file_ref idref="fl-2"/>
      </object_component>
      <object_component id="oc-122">
         <name>.debug_abbrev</name>
         <load_address>0x38a</load_address>
         <run_address>0x38a</run_address>
         <size>0x5c</size>
         <input_file_ref idref="fl-2"/>
      </object_component>
      <object_component id="oc-14b">
         <name>.debug_abbrev</name>
         <load_address>0x3e6</load_address>
         <run_address>0x3e6</run_address>
         <size>0x24</size>
         <input_file_ref idref="fl-2"/>
      </object_component>
      <object_component id="oc-b6">
         <name>.debug_abbrev</name>
         <load_address>0x40a</load_address>
         <run_address>0x40a</run_address>
         <size>0x24</size>
         <input_file_ref idref="fl-2"/>
      </object_component>
      <object_component id="oc-b9">
         <name>.debug_abbrev</name>
         <load_address>0x42e</load_address>
         <run_address>0x42e</run_address>
         <size>0x7c</size>
         <input_file_ref idref="fl-3"/>
      </object_component>
      <object_component id="oc-6c">
         <name>.debug_abbrev</name>
         <load_address>0x4aa</load_address>
         <run_address>0x4aa</run_address>
         <size>0x29</size>
         <input_file_ref idref="fl-3"/>
      </object_component>
      <object_component id="oc-a4">
         <name>.debug_abbrev</name>
         <load_address>0x4d3</load_address>
         <run_address>0x4d3</run_address>
         <size>0x85</size>
         <input_file_ref idref="fl-3"/>
      </object_component>
      <object_component id="oc-2d">
         <name>.debug_abbrev</name>
         <load_address>0x558</load_address>
         <run_address>0x558</run_address>
         <size>0x1f</size>
         <input_file_ref idref="fl-3"/>
      </object_component>
      <object_component id="oc-146">
         <name>.debug_abbrev</name>
         <load_address>0x577</load_address>
         <run_address>0x577</run_address>
         <size>0x29</size>
         <input_file_ref idref="fl-4"/>
      </object_component>
      <object_component id="oc-111">
         <name>.debug_abbrev</name>
         <load_address>0x5a0</load_address>
         <run_address>0x5a0</run_address>
         <size>0x8b</size>
         <input_file_ref idref="fl-4"/>
      </object_component>
      <object_component id="oc-118">
         <name>.debug_abbrev</name>
         <load_address>0x62b</load_address>
         <run_address>0x62b</run_address>
         <size>0x60</size>
         <input_file_ref idref="fl-a"/>
      </object_component>
      <object_component id="oc-148">
         <name>.debug_abbrev</name>
         <load_address>0x68b</load_address>
         <run_address>0x68b</run_address>
         <size>0x50</size>
         <input_file_ref idref="fl-d"/>
      </object_component>
      <object_component id="oc-7d">
         <name>.debug_abbrev</name>
         <load_address>0x6db</load_address>
         <run_address>0x6db</run_address>
         <size>0x37</size>
         <input_file_ref idref="fl-c6"/>
      </object_component>
      <object_component id="oc-35">
         <name>.debug_abbrev</name>
         <load_address>0x712</load_address>
         <run_address>0x712</run_address>
         <size>0x74</size>
         <input_file_ref idref="fl-c6"/>
      </object_component>
      <object_component id="oc-38">
         <name>.debug_abbrev</name>
         <load_address>0x786</load_address>
         <run_address>0x786</run_address>
         <size>0x24</size>
         <input_file_ref idref="fl-c6"/>
      </object_component>
      <object_component id="oc-7a">
         <name>.debug_abbrev</name>
         <load_address>0x7aa</load_address>
         <run_address>0x7aa</run_address>
         <size>0x24</size>
         <input_file_ref idref="fl-c6"/>
      </object_component>
      <object_component id="oc-c5">
         <name>.debug_abbrev</name>
         <load_address>0x7ce</load_address>
         <run_address>0x7ce</run_address>
         <size>0x37</size>
         <input_file_ref idref="fl-c7"/>
      </object_component>
      <object_component id="oc-25">
         <name>.debug_abbrev</name>
         <load_address>0x805</load_address>
         <run_address>0x805</run_address>
         <size>0x6f</size>
         <input_file_ref idref="fl-c7"/>
      </object_component>
      <object_component id="oc-28">
         <name>.debug_abbrev</name>
         <load_address>0x874</load_address>
         <run_address>0x874</run_address>
         <size>0x24</size>
         <input_file_ref idref="fl-c7"/>
      </object_component>
      <object_component id="oc-c2">
         <name>.debug_abbrev</name>
         <load_address>0x898</load_address>
         <run_address>0x898</run_address>
         <size>0x35</size>
         <input_file_ref idref="fl-c7"/>
      </object_component>
      <object_component id="oc-73">
         <name>.debug_abbrev</name>
         <load_address>0x8cd</load_address>
         <run_address>0x8cd</run_address>
         <size>0x24</size>
         <input_file_ref idref="fl-c7"/>
      </object_component>
      <object_component id="oc-6f">
         <name>.debug_abbrev</name>
         <load_address>0x8f1</load_address>
         <run_address>0x8f1</run_address>
         <size>0x29</size>
         <input_file_ref idref="fl-c8"/>
      </object_component>
      <object_component id="oc-95">
         <name>.debug_abbrev</name>
         <load_address>0x91a</load_address>
         <run_address>0x91a</run_address>
         <size>0x55</size>
         <input_file_ref idref="fl-c8"/>
      </object_component>
      <object_component id="oc-77">
         <name>.debug_abbrev</name>
         <load_address>0x96f</load_address>
         <run_address>0x96f</run_address>
         <size>0x3e</size>
         <input_file_ref idref="fl-c9"/>
      </object_component>
      <object_component id="oc-168">
         <name>.debug_abbrev</name>
         <load_address>0x9ad</load_address>
         <run_address>0x9ad</run_address>
         <size>0xc0</size>
         <input_file_ref idref="fl-cb"/>
      </object_component>
      <object_component id="oc-130">
         <name>.debug_abbrev</name>
         <load_address>0xa6d</load_address>
         <run_address>0xa6d</run_address>
         <size>0x7e</size>
         <input_file_ref idref="fl-cb"/>
      </object_component>
      <object_component id="oc-16c">
         <name>.debug_abbrev</name>
         <load_address>0xaeb</load_address>
         <run_address>0xaeb</run_address>
         <size>0x24</size>
         <input_file_ref idref="fl-cb"/>
      </object_component>
      <object_component id="oc-180">
         <name>.debug_abbrev</name>
         <load_address>0xb0f</load_address>
         <run_address>0xb0f</run_address>
         <size>0x24</size>
         <input_file_ref idref="fl-cb"/>
      </object_component>
      <object_component id="oc-171">
         <name>.debug_abbrev</name>
         <load_address>0xb33</load_address>
         <run_address>0xb33</run_address>
         <size>0x24</size>
         <input_file_ref idref="fl-cb"/>
      </object_component>
      <object_component id="oc-176">
         <name>.debug_abbrev</name>
         <load_address>0xb57</load_address>
         <run_address>0xb57</run_address>
         <size>0x4b</size>
         <input_file_ref idref="fl-cb"/>
      </object_component>
      <object_component id="oc-cf">
         <name>.debug_abbrev</name>
         <load_address>0xba2</load_address>
         <run_address>0xba2</run_address>
         <size>0x55</size>
         <input_file_ref idref="fl-cc"/>
      </object_component>
      <object_component id="oc-126">
         <name>.debug_abbrev</name>
         <load_address>0xbf7</load_address>
         <run_address>0xbf7</run_address>
         <size>0x45</size>
         <input_file_ref idref="fl-ce"/>
      </object_component>
      <object_component id="oc-1b7">
         <name>.debug_abbrev</name>
         <load_address>0xc3c</load_address>
         <run_address>0xc3c</run_address>
         <size>0xf</size>
      </object_component>
      <object_component id="oc-bf">
         <name>.debug_str</name>
         <load_address>0x0</load_address>
         <run_address>0x0</run_address>
         <size>0x2a9</size>
         <input_file_ref idref="fl-2"/>
      </object_component>
      <object_component id="oc-159">
         <name>.debug_str</name>
         <load_address>0x2a9</load_address>
         <run_address>0x2a9</run_address>
         <size>0x47d</size>
         <input_file_ref idref="fl-2"/>
      </object_component>
      <object_component id="oc-154">
         <name>.debug_str</name>
         <load_address>0x726</load_address>
         <run_address>0x726</run_address>
         <size>0x15c1</size>
         <input_file_ref idref="fl-2"/>
      </object_component>
      <object_component id="oc-11f">
         <name>.debug_str</name>
         <load_address>0x1ce7</load_address>
         <run_address>0x1ce7</run_address>
         <size>0x33f</size>
         <input_file_ref idref="fl-2"/>
      </object_component>
      <object_component id="oc-b3">
         <name>.debug_str</name>
         <load_address>0x2026</load_address>
         <run_address>0x2026</run_address>
         <size>0xfe</size>
         <input_file_ref idref="fl-2"/>
      </object_component>
      <object_component id="oc-124">
         <name>.debug_str</name>
         <load_address>0x2124</load_address>
         <run_address>0x2124</run_address>
         <size>0x338</size>
         <input_file_ref idref="fl-2"/>
      </object_component>
      <object_component id="oc-14d">
         <name>.debug_str</name>
         <load_address>0x245c</load_address>
         <run_address>0x245c</run_address>
         <size>0x1b4</size>
         <input_file_ref idref="fl-2"/>
      </object_component>
      <object_component id="oc-b8">
         <name>.debug_str</name>
         <load_address>0x2610</load_address>
         <run_address>0x2610</run_address>
         <size>0x141</size>
         <input_file_ref idref="fl-2"/>
      </object_component>
      <object_component id="oc-2f">
         <name>.debug_str</name>
         <load_address>0x2751</load_address>
         <run_address>0x2751</run_address>
         <size>0xfe</size>
         <input_file_ref idref="fl-3"/>
      </object_component>
      <object_component id="oc-3a">
         <name>.debug_str</name>
         <load_address>0x284f</load_address>
         <run_address>0x284f</run_address>
         <size>0x10a</size>
         <input_file_ref idref="fl-c6"/>
      </object_component>
      <object_component id="oc-7c">
         <name>.debug_str</name>
         <load_address>0x2959</load_address>
         <run_address>0x2959</run_address>
         <size>0x13d</size>
         <input_file_ref idref="fl-c6"/>
      </object_component>
      <object_component id="oc-2a">
         <name>.debug_str</name>
         <load_address>0x2a96</load_address>
         <run_address>0x2a96</run_address>
         <size>0x117</size>
         <input_file_ref idref="fl-c7"/>
      </object_component>
      <object_component id="oc-c4">
         <name>.debug_str</name>
         <load_address>0x2bad</load_address>
         <run_address>0x2bad</run_address>
         <size>0x168</size>
         <input_file_ref idref="fl-c7"/>
      </object_component>
      <object_component id="oc-75">
         <name>.debug_str</name>
         <load_address>0x2d15</load_address>
         <run_address>0x2d15</run_address>
         <size>0x155</size>
         <input_file_ref idref="fl-c7"/>
      </object_component>
      <object_component id="oc-16e">
         <name>.debug_str</name>
         <load_address>0x2e6a</load_address>
         <run_address>0x2e6a</run_address>
         <size>0xec</size>
         <input_file_ref idref="fl-cb"/>
      </object_component>
      <object_component id="oc-182">
         <name>.debug_str</name>
         <load_address>0x2f56</load_address>
         <run_address>0x2f56</run_address>
         <size>0x154</size>
         <input_file_ref idref="fl-cb"/>
      </object_component>
      <object_component id="oc-173">
         <name>.debug_str</name>
         <load_address>0x30aa</load_address>
         <run_address>0x30aa</run_address>
         <size>0x14d</size>
         <input_file_ref idref="fl-cb"/>
      </object_component>
      <object_component id="oc-178">
         <name>.debug_str</name>
         <load_address>0x31f7</load_address>
         <run_address>0x31f7</run_address>
         <size>0x194</size>
         <input_file_ref idref="fl-cb"/>
      </object_component>
      <object_component id="oc-68">
         <name>.debug_aranges</name>
         <load_address>0x0</load_address>
         <run_address>0x0</run_address>
         <size>0x28</size>
         <input_file_ref idref="fl-2"/>
      </object_component>
      <object_component id="oc-62">
         <name>.debug_aranges</name>
         <load_address>0x28</load_address>
         <run_address>0x28</run_address>
         <size>0x38</size>
         <input_file_ref idref="fl-3"/>
      </object_component>
      <object_component id="oc-9f">
         <name>.debug_aranges</name>
         <load_address>0x60</load_address>
         <run_address>0x60</run_address>
         <size>0x28</size>
         <input_file_ref idref="fl-4"/>
      </object_component>
      <object_component id="oc-a9">
         <name>.debug_aranges</name>
         <load_address>0x88</load_address>
         <run_address>0x88</run_address>
         <size>0x20</size>
         <input_file_ref idref="fl-a"/>
      </object_component>
      <object_component id="oc-113">
         <name>.debug_aranges</name>
         <load_address>0xa8</load_address>
         <run_address>0xa8</run_address>
         <size>0x20</size>
         <input_file_ref idref="fl-d"/>
      </object_component>
      <object_component id="oc-19">
         <name>.debug_aranges</name>
         <load_address>0xc8</load_address>
         <run_address>0xc8</run_address>
         <size>0x20</size>
         <input_file_ref idref="fl-c6"/>
      </object_component>
      <object_component id="oc-13">
         <name>.debug_aranges</name>
         <load_address>0xe8</load_address>
         <run_address>0xe8</run_address>
         <size>0x20</size>
         <input_file_ref idref="fl-c7"/>
      </object_component>
      <object_component id="oc-4f">
         <name>.debug_aranges</name>
         <load_address>0x108</load_address>
         <run_address>0x108</run_address>
         <size>0x20</size>
         <input_file_ref idref="fl-c8"/>
      </object_component>
      <object_component id="oc-33">
         <name>.debug_aranges</name>
         <load_address>0x128</load_address>
         <run_address>0x128</run_address>
         <size>0x20</size>
         <input_file_ref idref="fl-c9"/>
      </object_component>
      <object_component id="oc-df">
         <name>.debug_aranges</name>
         <load_address>0x148</load_address>
         <run_address>0x148</run_address>
         <size>0x20</size>
         <input_file_ref idref="fl-cb"/>
      </object_component>
      <object_component id="oc-8e">
         <name>.debug_aranges</name>
         <load_address>0x168</load_address>
         <run_address>0x168</run_address>
         <size>0x20</size>
         <input_file_ref idref="fl-cc"/>
      </object_component>
      <object_component id="oc-d3">
         <name>.debug_aranges</name>
         <load_address>0x188</load_address>
         <run_address>0x188</run_address>
         <size>0x20</size>
         <input_file_ref idref="fl-ce"/>
      </object_component>
      <object_component id="oc-ad">
         <name>.debug_pubnames</name>
         <load_address>0x0</load_address>
         <run_address>0x0</run_address>
         <size>0x20</size>
         <input_file_ref idref="fl-2"/>
      </object_component>
      <object_component id="oc-69">
         <name>.debug_pubnames</name>
         <load_address>0x20</load_address>
         <run_address>0x20</run_address>
         <size>0x30</size>
         <input_file_ref idref="fl-2"/>
      </object_component>
      <object_component id="oc-21">
         <name>.debug_pubnames</name>
         <load_address>0x50</load_address>
         <run_address>0x50</run_address>
         <size>0x27</size>
         <input_file_ref idref="fl-3"/>
      </object_component>
      <object_component id="oc-63">
         <name>.debug_pubnames</name>
         <load_address>0x77</load_address>
         <run_address>0x77</run_address>
         <size>0x46</size>
         <input_file_ref idref="fl-3"/>
      </object_component>
      <object_component id="oc-110">
         <name>.debug_pubnames</name>
         <load_address>0xbd</load_address>
         <run_address>0xbd</run_address>
         <size>0x26</size>
         <input_file_ref idref="fl-4"/>
      </object_component>
      <object_component id="oc-a1">
         <name>.debug_pubnames</name>
         <load_address>0xe3</load_address>
         <run_address>0xe3</run_address>
         <size>0x3b</size>
         <input_file_ref idref="fl-4"/>
      </object_component>
      <object_component id="oc-a8">
         <name>.debug_pubnames</name>
         <load_address>0x11e</load_address>
         <run_address>0x11e</run_address>
         <size>0x23</size>
         <input_file_ref idref="fl-a"/>
      </object_component>
      <object_component id="oc-116">
         <name>.debug_pubnames</name>
         <load_address>0x141</load_address>
         <run_address>0x141</run_address>
         <size>0x1e</size>
         <input_file_ref idref="fl-d"/>
      </object_component>
      <object_component id="oc-1a">
         <name>.debug_pubnames</name>
         <load_address>0x15f</load_address>
         <run_address>0x15f</run_address>
         <size>0x2b</size>
         <input_file_ref idref="fl-c6"/>
      </object_component>
      <object_component id="oc-12">
         <name>.debug_pubnames</name>
         <load_address>0x18a</load_address>
         <run_address>0x18a</run_address>
         <size>0x2b</size>
         <input_file_ref idref="fl-c7"/>
      </object_component>
      <object_component id="oc-24">
         <name>.debug_pubnames</name>
         <load_address>0x1b5</load_address>
         <run_address>0x1b5</run_address>
         <size>0x1e</size>
         <input_file_ref idref="fl-c8"/>
      </object_component>
      <object_component id="oc-53">
         <name>.debug_pubnames</name>
         <load_address>0x1d3</load_address>
         <run_address>0x1d3</run_address>
         <size>0x26</size>
         <input_file_ref idref="fl-c8"/>
      </object_component>
      <object_component id="oc-32">
         <name>.debug_pubnames</name>
         <load_address>0x1f9</load_address>
         <run_address>0x1f9</run_address>
         <size>0x1d</size>
         <input_file_ref idref="fl-c9"/>
      </object_component>
      <object_component id="oc-e0">
         <name>.debug_pubnames</name>
         <load_address>0x216</load_address>
         <run_address>0x216</run_address>
         <size>0x35</size>
         <input_file_ref idref="fl-cb"/>
      </object_component>
      <object_component id="oc-8f">
         <name>.debug_pubnames</name>
         <load_address>0x24b</load_address>
         <run_address>0x24b</run_address>
         <size>0x27</size>
         <input_file_ref idref="fl-cc"/>
      </object_component>
      <object_component id="oc-d4">
         <name>.debug_pubnames</name>
         <load_address>0x272</load_address>
         <run_address>0x272</run_address>
         <size>0x1c</size>
         <input_file_ref idref="fl-ce"/>
      </object_component>
      <object_component id="oc-bc">
         <name>.debug_pubtypes</name>
         <load_address>0x0</load_address>
         <run_address>0x0</run_address>
         <size>0x25c</size>
         <input_file_ref idref="fl-2"/>
      </object_component>
      <object_component id="oc-156">
         <name>.debug_pubtypes</name>
         <load_address>0x25c</load_address>
         <run_address>0x25c</run_address>
         <size>0xdd</size>
         <input_file_ref idref="fl-2"/>
      </object_component>
      <object_component id="oc-151">
         <name>.debug_pubtypes</name>
         <load_address>0x339</load_address>
         <run_address>0x339</run_address>
         <size>0x2ce</size>
         <input_file_ref idref="fl-2"/>
      </object_component>
      <object_component id="oc-11c">
         <name>.debug_pubtypes</name>
         <load_address>0x607</load_address>
         <run_address>0x607</run_address>
         <size>0x16a</size>
         <input_file_ref idref="fl-2"/>
      </object_component>
      <object_component id="oc-b0">
         <name>.debug_pubtypes</name>
         <load_address>0x771</load_address>
         <run_address>0x771</run_address>
         <size>0xff</size>
         <input_file_ref idref="fl-2"/>
      </object_component>
      <object_component id="oc-121">
         <name>.debug_pubtypes</name>
         <load_address>0x870</load_address>
         <run_address>0x870</run_address>
         <size>0x325</size>
         <input_file_ref idref="fl-2"/>
      </object_component>
      <object_component id="oc-14a">
         <name>.debug_pubtypes</name>
         <load_address>0xb95</load_address>
         <run_address>0xb95</run_address>
         <size>0x12e</size>
         <input_file_ref idref="fl-2"/>
      </object_component>
      <object_component id="oc-b5">
         <name>.debug_pubtypes</name>
         <load_address>0xcc3</load_address>
         <run_address>0xcc3</run_address>
         <size>0xaa</size>
         <input_file_ref idref="fl-2"/>
      </object_component>
      <object_component id="oc-2c">
         <name>.debug_pubtypes</name>
         <load_address>0xd6d</load_address>
         <run_address>0xd6d</run_address>
         <size>0xed</size>
         <input_file_ref idref="fl-3"/>
      </object_component>
      <object_component id="oc-37">
         <name>.debug_pubtypes</name>
         <load_address>0xe5a</load_address>
         <run_address>0xe5a</run_address>
         <size>0x48</size>
         <input_file_ref idref="fl-c6"/>
      </object_component>
      <object_component id="oc-79">
         <name>.debug_pubtypes</name>
         <load_address>0xea2</load_address>
         <run_address>0xea2</run_address>
         <size>0x1d</size>
         <input_file_ref idref="fl-c6"/>
      </object_component>
      <object_component id="oc-27">
         <name>.debug_pubtypes</name>
         <load_address>0xebf</load_address>
         <run_address>0xebf</run_address>
         <size>0x5d</size>
         <input_file_ref idref="fl-c7"/>
      </object_component>
      <object_component id="oc-c1">
         <name>.debug_pubtypes</name>
         <load_address>0xf1c</load_address>
         <run_address>0xf1c</run_address>
         <size>0x48</size>
         <input_file_ref idref="fl-c7"/>
      </object_component>
      <object_component id="oc-72">
         <name>.debug_pubtypes</name>
         <load_address>0xf64</load_address>
         <run_address>0xf64</run_address>
         <size>0x35</size>
         <input_file_ref idref="fl-c7"/>
      </object_component>
      <object_component id="oc-16b">
         <name>.debug_pubtypes</name>
         <load_address>0xf99</load_address>
         <run_address>0xf99</run_address>
         <size>0x32</size>
         <input_file_ref idref="fl-cb"/>
      </object_component>
      <object_component id="oc-17f">
         <name>.debug_pubtypes</name>
         <load_address>0xfcb</load_address>
         <run_address>0xfcb</run_address>
         <size>0x30</size>
         <input_file_ref idref="fl-cb"/>
      </object_component>
      <object_component id="oc-170">
         <name>.debug_pubtypes</name>
         <load_address>0xffb</load_address>
         <run_address>0xffb</run_address>
         <size>0x2c</size>
         <input_file_ref idref="fl-cb"/>
      </object_component>
      <object_component id="oc-175">
         <name>.debug_pubtypes</name>
         <load_address>0x1027</load_address>
         <run_address>0x1027</run_address>
         <size>0x50</size>
         <input_file_ref idref="fl-cb"/>
      </object_component>
   </object_component_list>
   <logical_group_list>
      <logical_group id="lg-3" display="no" color="cyan">
         <name>.intvecs</name>
         <load_address>0x0</load_address>
         <run_address>0x0</run_address>
         <size>0x140</size>
         <contents>
            <object_component_ref idref="oc-1f"/>
         </contents>
      </logical_group>
      <logical_group id="lg-4" display="no" color="cyan">
         <name>.text</name>
         <load_address>0x140</load_address>
         <run_address>0x140</run_address>
         <size>0x5d4</size>
         <contents>
            <object_component_ref idref="oc-9e"/>
            <object_component_ref idref="oc-66"/>
            <object_component_ref idref="oc-30"/>
            <object_component_ref idref="oc-10"/>
            <object_component_ref idref="oc-dc"/>
            <object_component_ref idref="oc-4e"/>
            <object_component_ref idref="oc-a5"/>
            <object_component_ref idref="oc-60"/>
            <object_component_ref idref="oc-16"/>
            <object_component_ref idref="oc-112"/>
            <object_component_ref idref="oc-8c"/>
            <object_component_ref idref="oc-d0"/>
         </contents>
      </logical_group>
      <logical_group id="lg-5" display="no" color="cyan">
         <name>.const</name>
         <run_address>0x0</run_address>
         <size>0x0</size>
         <contents>
         </contents>
      </logical_group>
      <logical_group id="lg-6" display="no" color="cyan">
         <name>.cinit</name>
         <load_address>0x718</load_address>
         <run_address>0x718</run_address>
         <size>0x30</size>
         <contents>
            <object_component_ref idref="oc-1b4"/>
            <object_component_ref idref="oc-1b2"/>
            <object_component_ref idref="oc-1b3"/>
         </contents>
      </logical_group>
      <logical_group id="lg-7" display="no" color="cyan">
         <name>.pinit</name>
         <run_address>0x0</run_address>
         <size>0x0</size>
         <contents>
         </contents>
      </logical_group>
      <logical_group id="lg-8" display="no" color="cyan">
         <name>.init_array</name>
         <run_address>0x0</run_address>
         <size>0x0</size>
         <contents>
         </contents>
      </logical_group>
      <logical_group id="lg-9" display="no" color="cyan">
         <name>.flashMailbox</name>
         <run_address>0x0</run_address>
         <size>0x0</size>
         <contents>
         </contents>
      </logical_group>
      <logical_group id="lg-a" display="no" color="cyan">
         <name>.vtable</name>
         <run_address>0x0</run_address>
         <size>0x0</size>
         <contents>
         </contents>
      </logical_group>
      <logical_group id="lg-b" display="no" color="cyan">
         <name>.data</name>
         <run_address>0x20000000</run_address>
         <size>0x1c</size>
         <contents>
            <object_component_ref idref="oc-ab"/>
            <object_component_ref idref="oc-10e"/>
         </contents>
      </logical_group>
      <logical_group id="lg-c" display="no" color="cyan">
         <name>.bss</name>
         <run_address>0x0</run_address>
         <size>0x0</size>
         <contents>
         </contents>
      </logical_group>
      <logical_group id="lg-d" display="no" color="cyan">
         <name>.sysmem</name>
         <run_address>0x0</run_address>
         <size>0x0</size>
         <contents>
         </contents>
      </logical_group>
      <logical_group id="lg-e" display="no" color="cyan">
         <name>.stack</name>
         <run_address>0x2000fe00</run_address>
         <size>0x200</size>
         <contents>
            <object_component_ref idref="oc-22"/>
            <object_component_ref idref="oc-1b5"/>
         </contents>
      </logical_group>
      <logical_group id="lg-18a" display="no" color="cyan">
         <name>.TI.noinit</name>
         <run_address>0x0</run_address>
         <size>0x0</size>
         <contents>
         </contents>
      </logical_group>
      <logical_group id="lg-18b" display="no" color="cyan">
         <name>.TI.persistent</name>
         <run_address>0x0</run_address>
         <size>0x0</size>
         <contents>
         </contents>
      </logical_group>
      <logical_group id="lg-19a" display="never" color="cyan">
         <name>.debug_info</name>
         <load_address>0x0</load_address>
         <run_address>0x0</run_address>
         <size>0x7fba</size>
         <contents>
            <object_component_ref idref="oc-125"/>
            <object_component_ref idref="oc-ac"/>
            <object_component_ref idref="oc-67"/>
            <object_component_ref idref="oc-bb"/>
            <object_component_ref idref="oc-155"/>
            <object_component_ref idref="oc-150"/>
            <object_component_ref idref="oc-11b"/>
            <object_component_ref idref="oc-af"/>
            <object_component_ref idref="oc-120"/>
            <object_component_ref idref="oc-149"/>
            <object_component_ref idref="oc-b4"/>
            <object_component_ref idref="oc-6e"/>
            <object_component_ref idref="oc-20"/>
            <object_component_ref idref="oc-61"/>
            <object_component_ref idref="oc-2b"/>
            <object_component_ref idref="oc-10f"/>
            <object_component_ref idref="oc-a0"/>
            <object_component_ref idref="oc-a7"/>
            <object_component_ref idref="oc-115"/>
            <object_component_ref idref="oc-3b"/>
            <object_component_ref idref="oc-18"/>
            <object_component_ref idref="oc-36"/>
            <object_component_ref idref="oc-78"/>
            <object_component_ref idref="oc-76"/>
            <object_component_ref idref="oc-11"/>
            <object_component_ref idref="oc-26"/>
            <object_component_ref idref="oc-c0"/>
            <object_component_ref idref="oc-71"/>
            <object_component_ref idref="oc-23"/>
            <object_component_ref idref="oc-52"/>
            <object_component_ref idref="oc-31"/>
            <object_component_ref idref="oc-131"/>
            <object_component_ref idref="oc-de"/>
            <object_component_ref idref="oc-16a"/>
            <object_component_ref idref="oc-17e"/>
            <object_component_ref idref="oc-16f"/>
            <object_component_ref idref="oc-174"/>
            <object_component_ref idref="oc-8d"/>
            <object_component_ref idref="oc-d2"/>
            <object_component_ref idref="oc-1b6"/>
         </contents>
      </logical_group>
      <logical_group id="lg-19c" display="never" color="cyan">
         <name>.debug_line</name>
         <load_address>0x0</load_address>
         <run_address>0x0</run_address>
         <size>0xf68</size>
         <contents>
            <object_component_ref idref="oc-14f"/>
            <object_component_ref idref="oc-11a"/>
            <object_component_ref idref="oc-6a"/>
            <object_component_ref idref="oc-be"/>
            <object_component_ref idref="oc-158"/>
            <object_component_ref idref="oc-153"/>
            <object_component_ref idref="oc-11e"/>
            <object_component_ref idref="oc-b2"/>
            <object_component_ref idref="oc-123"/>
            <object_component_ref idref="oc-14c"/>
            <object_component_ref idref="oc-b7"/>
            <object_component_ref idref="oc-ba"/>
            <object_component_ref idref="oc-6d"/>
            <object_component_ref idref="oc-64"/>
            <object_component_ref idref="oc-2e"/>
            <object_component_ref idref="oc-147"/>
            <object_component_ref idref="oc-a3"/>
            <object_component_ref idref="oc-a6"/>
            <object_component_ref idref="oc-117"/>
            <object_component_ref idref="oc-7e"/>
            <object_component_ref idref="oc-17"/>
            <object_component_ref idref="oc-39"/>
            <object_component_ref idref="oc-7b"/>
            <object_component_ref idref="oc-c6"/>
            <object_component_ref idref="oc-14"/>
            <object_component_ref idref="oc-29"/>
            <object_component_ref idref="oc-c3"/>
            <object_component_ref idref="oc-74"/>
            <object_component_ref idref="oc-70"/>
            <object_component_ref idref="oc-51"/>
            <object_component_ref idref="oc-34"/>
            <object_component_ref idref="oc-169"/>
            <object_component_ref idref="oc-e1"/>
            <object_component_ref idref="oc-16d"/>
            <object_component_ref idref="oc-181"/>
            <object_component_ref idref="oc-172"/>
            <object_component_ref idref="oc-177"/>
            <object_component_ref idref="oc-90"/>
            <object_component_ref idref="oc-d1"/>
         </contents>
      </logical_group>
      <logical_group id="lg-19e" display="never" color="cyan">
         <name>.debug_frame</name>
         <load_address>0x0</load_address>
         <run_address>0x0</run_address>
         <size>0x481</size>
         <contents>
            <object_component_ref idref="oc-6b"/>
            <object_component_ref idref="oc-65"/>
            <object_component_ref idref="oc-a2"/>
            <object_component_ref idref="oc-aa"/>
            <object_component_ref idref="oc-114"/>
            <object_component_ref idref="oc-1b"/>
            <object_component_ref idref="oc-15"/>
            <object_component_ref idref="oc-50"/>
            <object_component_ref idref="oc-dd"/>
            <object_component_ref idref="oc-91"/>
            <object_component_ref idref="oc-d5"/>
         </contents>
      </logical_group>
      <logical_group id="lg-1a0" display="never" color="cyan">
         <name>.debug_abbrev</name>
         <load_address>0x0</load_address>
         <run_address>0x0</run_address>
         <size>0xc4b</size>
         <contents>
            <object_component_ref idref="oc-14e"/>
            <object_component_ref idref="oc-119"/>
            <object_component_ref idref="oc-ae"/>
            <object_component_ref idref="oc-bd"/>
            <object_component_ref idref="oc-157"/>
            <object_component_ref idref="oc-152"/>
            <object_component_ref idref="oc-11d"/>
            <object_component_ref idref="oc-b1"/>
            <object_component_ref idref="oc-122"/>
            <object_component_ref idref="oc-14b"/>
            <object_component_ref idref="oc-b6"/>
            <object_component_ref idref="oc-b9"/>
            <object_component_ref idref="oc-6c"/>
            <object_component_ref idref="oc-a4"/>
            <object_component_ref idref="oc-2d"/>
            <object_component_ref idref="oc-146"/>
            <object_component_ref idref="oc-111"/>
            <object_component_ref idref="oc-118"/>
            <object_component_ref idref="oc-148"/>
            <object_component_ref idref="oc-7d"/>
            <object_component_ref idref="oc-35"/>
            <object_component_ref idref="oc-38"/>
            <object_component_ref idref="oc-7a"/>
            <object_component_ref idref="oc-c5"/>
            <object_component_ref idref="oc-25"/>
            <object_component_ref idref="oc-28"/>
            <object_component_ref idref="oc-c2"/>
            <object_component_ref idref="oc-73"/>
            <object_component_ref idref="oc-6f"/>
            <object_component_ref idref="oc-95"/>
            <object_component_ref idref="oc-77"/>
            <object_component_ref idref="oc-168"/>
            <object_component_ref idref="oc-130"/>
            <object_component_ref idref="oc-16c"/>
            <object_component_ref idref="oc-180"/>
            <object_component_ref idref="oc-171"/>
            <object_component_ref idref="oc-176"/>
            <object_component_ref idref="oc-cf"/>
            <object_component_ref idref="oc-126"/>
            <object_component_ref idref="oc-1b7"/>
         </contents>
      </logical_group>
      <logical_group id="lg-1a2" display="never" color="cyan">
         <name>.debug_str</name>
         <load_address>0x0</load_address>
         <run_address>0x0</run_address>
         <size>0x338b</size>
         <contents>
            <object_component_ref idref="oc-bf"/>
            <object_component_ref idref="oc-159"/>
            <object_component_ref idref="oc-154"/>
            <object_component_ref idref="oc-11f"/>
            <object_component_ref idref="oc-b3"/>
            <object_component_ref idref="oc-124"/>
            <object_component_ref idref="oc-14d"/>
            <object_component_ref idref="oc-b8"/>
            <object_component_ref idref="oc-2f"/>
            <object_component_ref idref="oc-3a"/>
            <object_component_ref idref="oc-7c"/>
            <object_component_ref idref="oc-2a"/>
            <object_component_ref idref="oc-c4"/>
            <object_component_ref idref="oc-75"/>
            <object_component_ref idref="oc-16e"/>
            <object_component_ref idref="oc-182"/>
            <object_component_ref idref="oc-173"/>
            <object_component_ref idref="oc-178"/>
         </contents>
      </logical_group>
      <logical_group id="lg-1a4" display="never" color="cyan">
         <name>.debug_aranges</name>
         <load_address>0x0</load_address>
         <run_address>0x0</run_address>
         <size>0x1a8</size>
         <contents>
            <object_component_ref idref="oc-68"/>
            <object_component_ref idref="oc-62"/>
            <object_component_ref idref="oc-9f"/>
            <object_component_ref idref="oc-a9"/>
            <object_component_ref idref="oc-113"/>
            <object_component_ref idref="oc-19"/>
            <object_component_ref idref="oc-13"/>
            <object_component_ref idref="oc-4f"/>
            <object_component_ref idref="oc-33"/>
            <object_component_ref idref="oc-df"/>
            <object_component_ref idref="oc-8e"/>
            <object_component_ref idref="oc-d3"/>
         </contents>
      </logical_group>
      <logical_group id="lg-1a6" display="never" color="cyan">
         <name>.debug_pubnames</name>
         <load_address>0x0</load_address>
         <run_address>0x0</run_address>
         <size>0x28e</size>
         <contents>
            <object_component_ref idref="oc-ad"/>
            <object_component_ref idref="oc-69"/>
            <object_component_ref idref="oc-21"/>
            <object_component_ref idref="oc-63"/>
            <object_component_ref idref="oc-110"/>
            <object_component_ref idref="oc-a1"/>
            <object_component_ref idref="oc-a8"/>
            <object_component_ref idref="oc-116"/>
            <object_component_ref idref="oc-1a"/>
            <object_component_ref idref="oc-12"/>
            <object_component_ref idref="oc-24"/>
            <object_component_ref idref="oc-53"/>
            <object_component_ref idref="oc-32"/>
            <object_component_ref idref="oc-e0"/>
            <object_component_ref idref="oc-8f"/>
            <object_component_ref idref="oc-d4"/>
         </contents>
      </logical_group>
      <logical_group id="lg-1a8" display="never" color="cyan">
         <name>.debug_pubtypes</name>
         <load_address>0x0</load_address>
         <run_address>0x0</run_address>
         <size>0x1077</size>
         <contents>
            <object_component_ref idref="oc-bc"/>
            <object_component_ref idref="oc-156"/>
            <object_component_ref idref="oc-151"/>
            <object_component_ref idref="oc-11c"/>
            <object_component_ref idref="oc-b0"/>
            <object_component_ref idref="oc-121"/>
            <object_component_ref idref="oc-14a"/>
            <object_component_ref idref="oc-b5"/>
            <object_component_ref idref="oc-2c"/>
            <object_component_ref idref="oc-37"/>
            <object_component_ref idref="oc-79"/>
            <object_component_ref idref="oc-27"/>
            <object_component_ref idref="oc-c1"/>
            <object_component_ref idref="oc-72"/>
            <object_component_ref idref="oc-16b"/>
            <object_component_ref idref="oc-17f"/>
            <object_component_ref idref="oc-170"/>
            <object_component_ref idref="oc-175"/>
         </contents>
      </logical_group>
      <load_segment id="lg-1b9" display="no" color="cyan">
         <name>SEGMENT_0</name>
         <load_address>0x0</load_address>
         <run_address>0x0</run_address>
         <size>0x748</size>
         <flags>0x5</flags>
         <contents>
            <logical_group_ref idref="lg-3"/>
            <logical_group_ref idref="lg-4"/>
            <logical_group_ref idref="lg-6"/>
         </contents>
      </load_segment>
      <load_segment id="lg-1ba" display="no" color="cyan">
         <name>SEGMENT_1</name>
         <run_address>0x20000000</run_address>
         <size>0x1c</size>
         <flags>0x6</flags>
         <contents>
            <logical_group_ref idref="lg-b"/>
         </contents>
      </load_segment>
      <load_segment id="lg-1bb" display="no" color="cyan">
         <name>SEGMENT_2</name>
         <run_address>0x2000fe00</run_address>
         <size>0x200</size>
         <flags>0x6</flags>
         <contents>
            <logical_group_ref idref="lg-e"/>
         </contents>
      </load_segment>
   </logical_group_list>
   <placement_map>
      <memory_area display="yes" color="green">
         <name>MAIN</name>
         <page_id>0x0</page_id>
         <origin>0x0</origin>
         <length>0x40000</length>
         <used_space>0x744</used_space>
         <unused_space>0x3f8bc</unused_space>
         <attributes>RX</attributes>
         <usage_details>
            <allocated_space>
               <start_address>0x0</start_address>
               <size>0x140</size>
               <logical_group_ref idref="lg-3"/>
            </allocated_space>
            <allocated_space>
               <start_address>0x140</start_address>
               <size>0x5d4</size>
               <logical_group_ref idref="lg-4"/>
            </allocated_space>
            <available_space>
               <start_address>0x714</start_address>
               <size>0x4</size>
            </available_space>
            <allocated_space>
               <start_address>0x718</start_address>
               <size>0x30</size>
               <logical_group_ref idref="lg-6"/>
            </allocated_space>
            <available_space>
               <start_address>0x748</start_address>
               <size>0x3f8b8</size>
            </available_space>
         </usage_details>
      </memory_area>
      <memory_area display="yes" color="green">
         <name>INFO</name>
         <page_id>0x0</page_id>
         <origin>0x200000</origin>
         <length>0x4000</length>
         <used_space>0x0</used_space>
         <unused_space>0x4000</unused_space>
         <attributes>RX</attributes>
         <usage_details>
         </usage_details>
      </memory_area>
      <memory_area display="yes" color="green">
         <name>SRAM_CODE</name>
         <page_id>0x0</page_id>
         <origin>0x1000000</origin>
         <length>0x10000</length>
         <used_space>0x0</used_space>
         <unused_space>0x10000</unused_space>
         <attributes>RWX</attributes>
         <usage_details>
         </usage_details>
      </memory_area>
      <memory_area display="yes" color="green">
         <name>SRAM_DATA</name>
         <page_id>0x0</page_id>
         <origin>0x20000000</origin>
         <length>0x10000</length>
         <used_space>0x21c</used_space>
         <unused_space>0xfde4</unused_space>
         <attributes>RW</attributes>
         <usage_details>
            <allocated_space>
               <start_address>0x20000000</start_address>
               <size>0x1c</size>
               <logical_group_ref idref="lg-b"/>
            </allocated_space>
            <available_space>
               <start_address>0x2000001c</start_address>
               <size>0xfde4</size>
            </available_space>
            <allocated_space>
               <start_address>0x2000fe00</start_address>
               <size>0x200</size>
               <logical_group_ref idref="lg-e"/>
            </allocated_space>
         </usage_details>
      </memory_area>
   </placement_map>
   <cptbl_list>
      <cptbl>
         <name>__TI_cinit_table</name>
         <cprec>
            <name>.data</name>
            <load_address>0x718</load_address>
            <load_size>0x1e</load_size>
            <run_address>0x20000000</run_address>
            <run_size>0x1c</run_size>
            <compression>lzss</compression>
         </cprec>
      </cptbl>
   </cptbl_list>
   <handler_table>
      <handler_table_name>__TI_handler_table</handler_table_name>
      <handler>
         <index>0x0</index>
         <name>__TI_decompress_lzss</name>
      </handler>
      <handler>
         <index>0x1</index>
         <name>__TI_decompress_none</name>
      </handler>
   </handler_table>
   <symbol_table>
      <symbol id="sm-1">
         <name>WDTCTL_SYM</name>
         <value>0x4000480c</value>
      </symbol>
      <symbol id="sm-2">
         <name>__TI_CINIT_Base</name>
         <value>0x740</value>
      </symbol>
      <symbol id="sm-3">
         <name>__TI_CINIT_Limit</name>
         <value>0x748</value>
      </symbol>
      <symbol id="sm-4">
         <name>__TI_Handler_Table_Base</name>
         <value>0x738</value>
      </symbol>
      <symbol id="sm-5">
         <name>__TI_Handler_Table_Limit</name>
         <value>0x740</value>
      </symbol>
      <symbol id="sm-6">
         <name>binit</name>
         <value>0xffffffff</value>
      </symbol>
      <symbol id="sm-7">
         <name>__binit__</name>
         <value>0xffffffff</value>
      </symbol>
      <symbol id="sm-8">
         <name>__STACK_SIZE</name>
         <value>0x200</value>
      </symbol>
      <symbol id="sm-9">
         <name>__STACK_END</name>
         <value>0x20010000</value>
      </symbol>
      <symbol id="sm-a">
         <name>__c_args__</name>
         <value>0xffffffff</value>
      </symbol>
      <symbol id="sm-b">
         <name>__TI_pprof_out_hndl</name>
         <value>0xffffffff</value>
      </symbol>
      <symbol id="sm-c">
         <name>__TI_prof_data_start</name>
         <value>0xffffffff</value>
      </symbol>
      <symbol id="sm-d">
         <name>__TI_prof_data_size</name>
         <value>0xffffffff</value>
      </symbol>
      <symbol id="sm-6a">
         <name>pwmConfig</name>
         <value>0x20000000</value>
         <object_component_ref idref="oc-ab"/>
      </symbol>
      <symbol id="sm-6b">
         <name>PORT1_IRQHandler</name>
         <value>0x4df</value>
         <object_component_ref idref="oc-66"/>
      </symbol>
      <symbol id="sm-6c">
         <name>main</name>
         <value>0x469</value>
         <object_component_ref idref="oc-66"/>
      </symbol>
      <symbol id="sm-8e">
         <name>interruptVectors</name>
         <value>0x0</value>
         <object_component_ref idref="oc-1f"/>
      </symbol>
      <symbol id="sm-d5">
         <name>SystemInit</name>
         <value>0x3b5</value>
         <object_component_ref idref="oc-9e"/>
      </symbol>
      <symbol id="sm-d6">
         <name>SystemCoreClockUpdate</name>
         <value>0x141</value>
         <object_component_ref idref="oc-9e"/>
      </symbol>
      <symbol id="sm-d7">
         <name>SystemCoreClock</name>
         <value>0x20000018</value>
         <object_component_ref idref="oc-10e"/>
      </symbol>
      <symbol id="sm-e5">
         <name>PCM_gotoLPM0</name>
         <value>0x6c1</value>
         <object_component_ref idref="oc-a5"/>
      </symbol>
      <symbol id="sm-f1">
         <name>CPU_wfi</name>
         <value>0x709</value>
         <object_component_ref idref="oc-112"/>
      </symbol>
      <symbol id="sm-10b">
         <name>__TI_decompress_none</name>
         <value>0x6fb</value>
         <object_component_ref idref="oc-16"/>
      </symbol>
      <symbol id="sm-12e">
         <name>__TI_decompress_lzss</name>
         <value>0x5e1</value>
         <object_component_ref idref="oc-10"/>
      </symbol>
      <symbol id="sm-141">
         <name>__stack</name>
         <value>0x2000fe00</value>
         <object_component_ref idref="oc-22"/>
      </symbol>
      <symbol id="sm-142">
         <name>_c_int00_noargs</name>
         <value>0x68d</value>
         <object_component_ref idref="oc-4e"/>
      </symbol>
      <symbol id="sm-15d">
         <name>memcpy</name>
         <value>0x545</value>
         <object_component_ref idref="oc-30"/>
      </symbol>
      <symbol id="sm-15e">
         <name>__aeabi_memcpy</name>
         <value>0x545</value>
         <object_component_ref idref="oc-30"/>
      </symbol>
      <symbol id="sm-15f">
         <name>__aeabi_memcpy8</name>
         <value>0x545</value>
         <object_component_ref idref="oc-30"/>
      </symbol>
      <symbol id="sm-160">
         <name>__aeabi_memcpy4</name>
         <value>0x545</value>
         <object_component_ref idref="oc-30"/>
      </symbol>
      <symbol id="sm-189">
         <name>__TI_auto_init_nobinit_nopinit</name>
         <value>0x649</value>
         <object_component_ref idref="oc-dc"/>
      </symbol>
      <symbol id="sm-193">
         <name>_system_pre_init</name>
         <value>0x70d</value>
         <object_component_ref idref="oc-8c"/>
      </symbol>
      <symbol id="sm-19f">
         <name>C$$EXIT</name>
         <value>0x711</value>
         <object_component_ref idref="oc-d0"/>
      </symbol>
      <symbol id="sm-1a0">
         <name>abort</name>
         <value>0x711</value>
         <object_component_ref idref="oc-d0"/>
      </symbol>
      <symbol id="sm-1a3">
         <name>__TI_static_base__</name>
         <value>0x0</value>
      </symbol>
      <symbol id="sm-1a6">
         <name>__mpu_init</name>
         <value>0x0</value>
      </symbol>
      <symbol id="sm-1a7">
         <name>_system_post_cinit</name>
         <value>0x0</value>
      </symbol>
   </symbol_table>
   <title>Link successful</title>
</link_info>
