<?xml version="1.0" encoding="ISO-8859-1" ?>
<link_info>
   <banner>TI ARM Linker PC v18.12.4.LTS</banner>
   <copyright>Copyright (c) 1996-2018 Texas Instruments Incorporated</copyright>
   <link_time>0x6319ca70</link_time>
   <link_errors>0x0</link_errors>
   <output_file>lab2.out</output_file>
   <entry_point>
      <name>_c_int00_noargs</name>
      <address>0x6b9</address>
   </entry_point>
   <input_file_list>
      <input_file id="fl-2">
         <path>.\</path>
         <kind>object</kind>
         <file>gpio_toggle_output.obj</file>
         <name>gpio_toggle_output.obj</name>
      </input_file>
      <input_file id="fl-3">
         <path>.\</path>
         <kind>object</kind>
         <file>startup_msp432p401r_ccs.obj</file>
         <name>startup_msp432p401r_ccs.obj</name>
      </input_file>
      <input_file id="fl-4">
         <path>.\</path>
         <kind>object</kind>
         <file>system_msp432p401r.obj</file>
         <name>system_msp432p401r.obj</name>
      </input_file>
      <input_file id="fl-9">
         <kind>object</kind>
         <file>&lt;internal&gt;</file>
         <name>&lt;internal&gt;</name>
      </input_file>
      <input_file id="fl-a">
         <path>C:\Users\serap\Desktop\msp432_driverlib_3_21_00_05\driverlib\MSP432P4xx\ccs\</path>
         <kind>archive</kind>
         <file>msp432p4xx_driverlib.lib</file>
         <name>gpio.o</name>
      </input_file>
      <input_file id="fl-b">
         <path>C:\Users\serap\Desktop\msp432_driverlib_3_21_00_05\driverlib\MSP432P4xx\ccs\</path>
         <kind>archive</kind>
         <file>msp432p4xx_driverlib.lib</file>
         <name>interrupt.o</name>
      </input_file>
      <input_file id="fl-c">
         <path>C:\Users\serap\Desktop\msp432_driverlib_3_21_00_05\driverlib\MSP432P4xx\ccs\</path>
         <kind>archive</kind>
         <file>msp432p4xx_driverlib.lib</file>
         <name>cpu.o</name>
      </input_file>
      <input_file id="fl-c2">
         <path>C:\ti\ccs930\ccs\tools\compiler\ti-cgt-arm_18.12.4.LTS\lib\</path>
         <kind>archive</kind>
         <file>rtsv7M4_T_le_v4SPD16_eabi.lib</file>
         <name>copy_zero_init.c.obj</name>
      </input_file>
      <input_file id="fl-c3">
         <path>C:\ti\ccs930\ccs\tools\compiler\ti-cgt-arm_18.12.4.LTS\lib\</path>
         <kind>archive</kind>
         <file>rtsv7M4_T_le_v4SPD16_eabi.lib</file>
         <name>copy_decompress_none.c.obj</name>
      </input_file>
      <input_file id="fl-c4">
         <path>C:\ti\ccs930\ccs\tools\compiler\ti-cgt-arm_18.12.4.LTS\lib\</path>
         <kind>archive</kind>
         <file>rtsv7M4_T_le_v4SPD16_eabi.lib</file>
         <name>copy_decompress_lzss.c.obj</name>
      </input_file>
      <input_file id="fl-c5">
         <path>C:\ti\ccs930\ccs\tools\compiler\ti-cgt-arm_18.12.4.LTS\lib\</path>
         <kind>archive</kind>
         <file>rtsv7M4_T_le_v4SPD16_eabi.lib</file>
         <name>boot_cortex_m.c.obj</name>
      </input_file>
      <input_file id="fl-c6">
         <path>C:\ti\ccs930\ccs\tools\compiler\ti-cgt-arm_18.12.4.LTS\lib\</path>
         <kind>archive</kind>
         <file>rtsv7M4_T_le_v4SPD16_eabi.lib</file>
         <name>memcpy_t2.asm.obj</name>
      </input_file>
      <input_file id="fl-c7">
         <path>C:\ti\ccs930\ccs\tools\compiler\ti-cgt-arm_18.12.4.LTS\lib\</path>
         <kind>archive</kind>
         <file>rtsv7M4_T_le_v4SPD16_eabi.lib</file>
         <name>memset_t2.asm.obj</name>
      </input_file>
      <input_file id="fl-c8">
         <path>C:\ti\ccs930\ccs\tools\compiler\ti-cgt-arm_18.12.4.LTS\lib\</path>
         <kind>archive</kind>
         <file>rtsv7M4_T_le_v4SPD16_eabi.lib</file>
         <name>autoinit.c.obj</name>
      </input_file>
      <input_file id="fl-c9">
         <path>C:\ti\ccs930\ccs\tools\compiler\ti-cgt-arm_18.12.4.LTS\lib\</path>
         <kind>archive</kind>
         <file>rtsv7M4_T_le_v4SPD16_eabi.lib</file>
         <name>pre_init.c.obj</name>
      </input_file>
      <input_file id="fl-ca">
         <path>C:\ti\ccs930\ccs\tools\compiler\ti-cgt-arm_18.12.4.LTS\lib\</path>
         <kind>archive</kind>
         <file>rtsv7M4_T_le_v4SPD16_eabi.lib</file>
         <name>cpy_tbl.c.obj</name>
      </input_file>
      <input_file id="fl-cb">
         <path>C:\ti\ccs930\ccs\tools\compiler\ti-cgt-arm_18.12.4.LTS\lib\</path>
         <kind>archive</kind>
         <file>rtsv7M4_T_le_v4SPD16_eabi.lib</file>
         <name>exit.c.obj</name>
      </input_file>
      <input_file id="fl-cc">
         <path>C:\ti\ccs930\ccs\tools\compiler\ti-cgt-arm_18.12.4.LTS\lib\</path>
         <kind>archive</kind>
         <file>rtsv7M4_T_le_v4SPD16_eabi.lib</file>
         <name>_lock.c.obj</name>
      </input_file>
      <input_file id="fl-cd">
         <path>C:\ti\ccs930\ccs\tools\compiler\ti-cgt-arm_18.12.4.LTS\lib\</path>
         <kind>archive</kind>
         <file>rtsv7M4_T_le_v4SPD16_eabi.lib</file>
         <name>args_main.c.obj</name>
      </input_file>
   </input_file_list>
   <object_component_list>
      <object_component id="oc-1f">
         <name>.intvecs:retain</name>
         <load_address>0x0</load_address>
         <run_address>0x0</run_address>
         <size>0x140</size>
         <input_file_ref idref="fl-3"/>
      </object_component>
      <object_component id="oc-9e">
         <name>.text</name>
         <load_address>0x140</load_address>
         <run_address>0x140</run_address>
         <size>0x328</size>
         <input_file_ref idref="fl-4"/>
      </object_component>
      <object_component id="oc-8c">
         <name>.text</name>
         <load_address>0x468</load_address>
         <run_address>0x468</run_address>
         <size>0x108</size>
         <input_file_ref idref="fl-2"/>
      </object_component>
      <object_component id="oc-30">
         <name>.text</name>
         <load_address>0x570</load_address>
         <run_address>0x570</run_address>
         <size>0x9c</size>
         <input_file_ref idref="fl-c6"/>
      </object_component>
      <object_component id="oc-10">
         <name>.text:decompress:lzss:__TI_decompress_lzss</name>
         <load_address>0x60c</load_address>
         <run_address>0x60c</run_address>
         <size>0x68</size>
         <input_file_ref idref="fl-c4"/>
      </object_component>
      <object_component id="oc-f5">
         <name>.text:__TI_auto_init_nobinit_nopinit:__TI_auto_init_nobinit_nopinit</name>
         <load_address>0x674</load_address>
         <run_address>0x674</run_address>
         <size>0x44</size>
         <input_file_ref idref="fl-c8"/>
      </object_component>
      <object_component id="oc-4e">
         <name>.text:_c_int00_noargs:_c_int00_noargs</name>
         <load_address>0x6b8</load_address>
         <run_address>0x6b8</run_address>
         <size>0x34</size>
         <input_file_ref idref="fl-c5"/>
      </object_component>
      <object_component id="oc-ce">
         <name>.text:GPIO_setAsInputPinWithPullUpResistor</name>
         <load_address>0x6ec</load_address>
         <run_address>0x6ec</run_address>
         <size>0x30</size>
         <input_file_ref idref="fl-a"/>
      </object_component>
      <object_component id="oc-bc">
         <name>.text:GPIO_setAsOutputPin</name>
         <load_address>0x71c</load_address>
         <run_address>0x71c</run_address>
         <size>0x24</size>
         <input_file_ref idref="fl-a"/>
      </object_component>
      <object_component id="oc-da">
         <name>.text:GPIO_getInputPinValue</name>
         <load_address>0x740</load_address>
         <run_address>0x740</run_address>
         <size>0x18</size>
         <input_file_ref idref="fl-a"/>
      </object_component>
      <object_component id="oc-c8">
         <name>.text:GPIO_setOutputLowOnPin</name>
         <load_address>0x758</load_address>
         <run_address>0x758</run_address>
         <size>0x18</size>
         <input_file_ref idref="fl-a"/>
      </object_component>
      <object_component id="oc-c2">
         <name>.text:GPIO_setOutputHighOnPin</name>
         <load_address>0x770</load_address>
         <run_address>0x770</run_address>
         <size>0x14</size>
         <input_file_ref idref="fl-a"/>
      </object_component>
      <object_component id="oc-d4">
         <name>.text:GPIO_toggleOutputOnPin</name>
         <load_address>0x784</load_address>
         <run_address>0x784</run_address>
         <size>0x14</size>
         <input_file_ref idref="fl-a"/>
      </object_component>
      <object_component id="oc-60">
         <name>.text</name>
         <load_address>0x798</load_address>
         <run_address>0x798</run_address>
         <size>0x12</size>
         <input_file_ref idref="fl-3"/>
      </object_component>
      <object_component id="oc-16">
         <name>.text:decompress:none:__TI_decompress_none</name>
         <load_address>0x7aa</load_address>
         <run_address>0x7aa</run_address>
         <size>0xe</size>
         <input_file_ref idref="fl-c3"/>
      </object_component>
      <object_component id="oc-86">
         <name>.text:_system_pre_init</name>
         <load_address>0x7b8</load_address>
         <run_address>0x7b8</run_address>
         <size>0x4</size>
         <input_file_ref idref="fl-c9"/>
      </object_component>
      <object_component id="oc-e9">
         <name>.text:abort:abort</name>
         <load_address>0x7bc</load_address>
         <run_address>0x7bc</run_address>
         <size>0x4</size>
         <input_file_ref idref="fl-cb"/>
      </object_component>
      <object_component id="oc-1d8">
         <name>.cinit..data.load</name>
         <load_address>0x7c0</load_address>
         <run_address>0x7c0</run_address>
         <size>0x34</size>
      </object_component>
      <object_component id="oc-1d6">
         <name>__TI_handler_table</name>
         <load_address>0x7f4</load_address>
         <run_address>0x7f4</run_address>
         <size>0x8</size>
      </object_component>
      <object_component id="oc-1d7">
         <name>__TI_cinit_table</name>
         <load_address>0x7fc</load_address>
         <run_address>0x7fc</run_address>
         <size>0x8</size>
      </object_component>
      <object_component id="oc-e0">
         <name>.data</name>
         <load_address>0x20000030</load_address>
         <run_address>0x20000030</run_address>
         <size>0x4</size>
         <input_file_ref idref="fl-2"/>
      </object_component>
      <object_component id="oc-127">
         <name>.data</name>
         <load_address>0x20000034</load_address>
         <run_address>0x20000034</run_address>
         <size>0x4</size>
         <input_file_ref idref="fl-4"/>
      </object_component>
      <object_component id="oc-131">
         <name>.data:GPIO_PORT_TO_BASE</name>
         <load_address>0x20000000</load_address>
         <run_address>0x20000000</run_address>
         <size>0x30</size>
         <input_file_ref idref="fl-a"/>
      </object_component>
      <object_component id="oc-22">
         <name>.stack</name>
         <uninitialized>true</uninitialized>
         <run_address>0x2000fe00</run_address>
         <size>0x4</size>
         <input_file_ref idref="fl-c5"/>
      </object_component>
      <object_component id="oc-1d9">
         <name>.stack</name>
         <uninitialized>true</uninitialized>
         <run_address>0x2000fe00</run_address>
         <size>0x0</size>
      </object_component>
      <object_component id="oc-130">
         <name>.debug_info</name>
         <load_address>0x0</load_address>
         <run_address>0x0</run_address>
         <size>0x6e8</size>
         <input_file_ref idref="fl-2"/>
      </object_component>
      <object_component id="oc-e1">
         <name>.debug_info</name>
         <load_address>0x6e8</load_address>
         <run_address>0x6e8</run_address>
         <size>0xdd</size>
         <input_file_ref idref="fl-2"/>
      </object_component>
      <object_component id="oc-8d">
         <name>.debug_info</name>
         <load_address>0x7c5</load_address>
         <run_address>0x7c5</run_address>
         <size>0x3e9</size>
         <input_file_ref idref="fl-2"/>
      </object_component>
      <object_component id="oc-166">
         <name>.debug_info</name>
         <load_address>0xbae</load_address>
         <run_address>0xbae</run_address>
         <size>0x37e2</size>
         <input_file_ref idref="fl-2"/>
      </object_component>
      <object_component id="oc-a7">
         <name>.debug_info</name>
         <load_address>0x4390</load_address>
         <run_address>0x4390</run_address>
         <size>0x26b</size>
         <input_file_ref idref="fl-2"/>
      </object_component>
      <object_component id="oc-16b">
         <name>.debug_info</name>
         <load_address>0x45fb</load_address>
         <run_address>0x45fb</run_address>
         <size>0x1055</size>
         <input_file_ref idref="fl-2"/>
      </object_component>
      <object_component id="oc-2b">
         <name>.debug_info</name>
         <load_address>0x5650</load_address>
         <run_address>0x5650</run_address>
         <size>0x84</size>
         <input_file_ref idref="fl-2"/>
      </object_component>
      <object_component id="oc-12b">
         <name>.debug_info</name>
         <load_address>0x56d4</load_address>
         <run_address>0x56d4</run_address>
         <size>0x297</size>
         <input_file_ref idref="fl-2"/>
      </object_component>
      <object_component id="oc-170">
         <name>.debug_info</name>
         <load_address>0x596b</load_address>
         <run_address>0x596b</run_address>
         <size>0xef</size>
         <input_file_ref idref="fl-2"/>
      </object_component>
      <object_component id="oc-e4">
         <name>.debug_info</name>
         <load_address>0x5a5a</load_address>
         <run_address>0x5a5a</run_address>
         <size>0xbb</size>
         <input_file_ref idref="fl-2"/>
      </object_component>
      <object_component id="oc-68">
         <name>.debug_info</name>
         <load_address>0x5b15</load_address>
         <run_address>0x5b15</run_address>
         <size>0x2bf</size>
         <input_file_ref idref="fl-3"/>
      </object_component>
      <object_component id="oc-20">
         <name>.debug_info</name>
         <load_address>0x5dd4</load_address>
         <run_address>0x5dd4</run_address>
         <size>0xea</size>
         <input_file_ref idref="fl-3"/>
      </object_component>
      <object_component id="oc-61">
         <name>.debug_info</name>
         <load_address>0x5ebe</load_address>
         <run_address>0x5ebe</run_address>
         <size>0x251</size>
         <input_file_ref idref="fl-3"/>
      </object_component>
      <object_component id="oc-128">
         <name>.debug_info</name>
         <load_address>0x610f</load_address>
         <run_address>0x610f</run_address>
         <size>0xe3</size>
         <input_file_ref idref="fl-4"/>
      </object_component>
      <object_component id="oc-a1">
         <name>.debug_info</name>
         <load_address>0x61f2</load_address>
         <run_address>0x61f2</run_address>
         <size>0x255</size>
         <input_file_ref idref="fl-4"/>
      </object_component>
      <object_component id="oc-13a">
         <name>.debug_info</name>
         <load_address>0x6447</load_address>
         <run_address>0x6447</run_address>
         <size>0x4a4</size>
         <input_file_ref idref="fl-a"/>
      </object_component>
      <object_component id="oc-132">
         <name>.debug_info</name>
         <load_address>0x68eb</load_address>
         <run_address>0x68eb</run_address>
         <size>0xd0</size>
         <input_file_ref idref="fl-a"/>
      </object_component>
      <object_component id="oc-d7">
         <name>.debug_info</name>
         <load_address>0x69bb</load_address>
         <run_address>0x69bb</run_address>
         <size>0x183</size>
         <input_file_ref idref="fl-a"/>
      </object_component>
      <object_component id="oc-cb">
         <name>.debug_info</name>
         <load_address>0x6b3e</load_address>
         <run_address>0x6b3e</run_address>
         <size>0x183</size>
         <input_file_ref idref="fl-a"/>
      </object_component>
      <object_component id="oc-c5">
         <name>.debug_info</name>
         <load_address>0x6cc1</load_address>
         <run_address>0x6cc1</run_address>
         <size>0x185</size>
         <input_file_ref idref="fl-a"/>
      </object_component>
      <object_component id="oc-bf">
         <name>.debug_info</name>
         <load_address>0x6e46</load_address>
         <run_address>0x6e46</run_address>
         <size>0x19c</size>
         <input_file_ref idref="fl-a"/>
      </object_component>
      <object_component id="oc-d1">
         <name>.debug_info</name>
         <load_address>0x6fe2</load_address>
         <run_address>0x6fe2</run_address>
         <size>0x1be</size>
         <input_file_ref idref="fl-a"/>
      </object_component>
      <object_component id="oc-dd">
         <name>.debug_info</name>
         <load_address>0x71a0</load_address>
         <run_address>0x71a0</run_address>
         <size>0x185</size>
         <input_file_ref idref="fl-a"/>
      </object_component>
      <object_component id="oc-179">
         <name>.debug_info</name>
         <load_address>0x7325</load_address>
         <run_address>0x7325</run_address>
         <size>0x103e</size>
         <input_file_ref idref="fl-a"/>
      </object_component>
      <object_component id="oc-135">
         <name>.debug_info</name>
         <load_address>0x8363</load_address>
         <run_address>0x8363</run_address>
         <size>0x18b</size>
         <input_file_ref idref="fl-a"/>
      </object_component>
      <object_component id="oc-3b">
         <name>.debug_info</name>
         <load_address>0x84ee</load_address>
         <run_address>0x84ee</run_address>
         <size>0x2a7</size>
         <input_file_ref idref="fl-c3"/>
      </object_component>
      <object_component id="oc-19">
         <name>.debug_info</name>
         <load_address>0x8795</load_address>
         <run_address>0x8795</run_address>
         <size>0x1e9</size>
         <input_file_ref idref="fl-c3"/>
      </object_component>
      <object_component id="oc-36">
         <name>.debug_info</name>
         <load_address>0x897e</load_address>
         <run_address>0x897e</run_address>
         <size>0x46</size>
         <input_file_ref idref="fl-c3"/>
      </object_component>
      <object_component id="oc-72">
         <name>.debug_info</name>
         <load_address>0x89c4</load_address>
         <run_address>0x89c4</run_address>
         <size>0x2c</size>
         <input_file_ref idref="fl-c3"/>
      </object_component>
      <object_component id="oc-70">
         <name>.debug_info</name>
         <load_address>0x89f0</load_address>
         <run_address>0x89f0</run_address>
         <size>0x29d</size>
         <input_file_ref idref="fl-c4"/>
      </object_component>
      <object_component id="oc-13">
         <name>.debug_info</name>
         <load_address>0x8c8d</load_address>
         <run_address>0x8c8d</run_address>
         <size>0x24f</size>
         <input_file_ref idref="fl-c4"/>
      </object_component>
      <object_component id="oc-26">
         <name>.debug_info</name>
         <load_address>0x8edc</load_address>
         <run_address>0x8edc</run_address>
         <size>0x60</size>
         <input_file_ref idref="fl-c4"/>
      </object_component>
      <object_component id="oc-ac">
         <name>.debug_info</name>
         <load_address>0x8f3c</load_address>
         <run_address>0x8f3c</run_address>
         <size>0x46</size>
         <input_file_ref idref="fl-c4"/>
      </object_component>
      <object_component id="oc-6b">
         <name>.debug_info</name>
         <load_address>0x8f82</load_address>
         <run_address>0x8f82</run_address>
         <size>0x39</size>
         <input_file_ref idref="fl-c4"/>
      </object_component>
      <object_component id="oc-23">
         <name>.debug_info</name>
         <load_address>0x8fbb</load_address>
         <run_address>0x8fbb</run_address>
         <size>0x10a</size>
         <input_file_ref idref="fl-c5"/>
      </object_component>
      <object_component id="oc-50">
         <name>.debug_info</name>
         <load_address>0x90c5</load_address>
         <run_address>0x90c5</run_address>
         <size>0x1a8</size>
         <input_file_ref idref="fl-c5"/>
      </object_component>
      <object_component id="oc-33">
         <name>.debug_info</name>
         <load_address>0x926d</load_address>
         <run_address>0x926d</run_address>
         <size>0x118</size>
         <input_file_ref idref="fl-c6"/>
      </object_component>
      <object_component id="oc-14d">
         <name>.debug_info</name>
         <load_address>0x9385</load_address>
         <run_address>0x9385</run_address>
         <size>0x4b2</size>
         <input_file_ref idref="fl-c8"/>
      </object_component>
      <object_component id="oc-f6">
         <name>.debug_info</name>
         <load_address>0x9837</load_address>
         <run_address>0x9837</run_address>
         <size>0x1a5</size>
         <input_file_ref idref="fl-c8"/>
      </object_component>
      <object_component id="oc-18e">
         <name>.debug_info</name>
         <load_address>0x99dc</load_address>
         <run_address>0x99dc</run_address>
         <size>0x39</size>
         <input_file_ref idref="fl-c8"/>
      </object_component>
      <object_component id="oc-1a2">
         <name>.debug_info</name>
         <load_address>0x9a15</load_address>
         <run_address>0x9a15</run_address>
         <size>0x39</size>
         <input_file_ref idref="fl-c8"/>
      </object_component>
      <object_component id="oc-193">
         <name>.debug_info</name>
         <load_address>0x9a4e</load_address>
         <run_address>0x9a4e</run_address>
         <size>0x39</size>
         <input_file_ref idref="fl-c8"/>
      </object_component>
      <object_component id="oc-198">
         <name>.debug_info</name>
         <load_address>0x9a87</load_address>
         <run_address>0x9a87</run_address>
         <size>0xcd</size>
         <input_file_ref idref="fl-c8"/>
      </object_component>
      <object_component id="oc-89">
         <name>.debug_info</name>
         <load_address>0x9b54</load_address>
         <run_address>0x9b54</run_address>
         <size>0x152</size>
         <input_file_ref idref="fl-c9"/>
      </object_component>
      <object_component id="oc-ea">
         <name>.debug_info</name>
         <load_address>0x9ca6</load_address>
         <run_address>0x9ca6</run_address>
         <size>0x121</size>
         <input_file_ref idref="fl-cb"/>
      </object_component>
      <object_component id="oc-1da">
         <name>.debug_info</name>
         <load_address>0x9dc7</load_address>
         <run_address>0x9dc7</run_address>
         <size>0x96</size>
      </object_component>
      <object_component id="oc-165">
         <name>.debug_line</name>
         <load_address>0x0</load_address>
         <run_address>0x0</run_address>
         <size>0x72</size>
         <input_file_ref idref="fl-2"/>
      </object_component>
      <object_component id="oc-141">
         <name>.debug_line</name>
         <load_address>0x72</load_address>
         <run_address>0x72</run_address>
         <size>0x3b</size>
         <input_file_ref idref="fl-2"/>
      </object_component>
      <object_component id="oc-90">
         <name>.debug_line</name>
         <load_address>0xad</load_address>
         <run_address>0xad</run_address>
         <size>0x98</size>
         <input_file_ref idref="fl-2"/>
      </object_component>
      <object_component id="oc-169">
         <name>.debug_line</name>
         <load_address>0x145</load_address>
         <run_address>0x145</run_address>
         <size>0x57</size>
         <input_file_ref idref="fl-2"/>
      </object_component>
      <object_component id="oc-aa">
         <name>.debug_line</name>
         <load_address>0x19c</load_address>
         <run_address>0x19c</run_address>
         <size>0x6f</size>
         <input_file_ref idref="fl-2"/>
      </object_component>
      <object_component id="oc-16e">
         <name>.debug_line</name>
         <load_address>0x20b</load_address>
         <run_address>0x20b</run_address>
         <size>0x5a</size>
         <input_file_ref idref="fl-2"/>
      </object_component>
      <object_component id="oc-2e">
         <name>.debug_line</name>
         <load_address>0x265</load_address>
         <run_address>0x265</run_address>
         <size>0x20</size>
         <input_file_ref idref="fl-2"/>
      </object_component>
      <object_component id="oc-12e">
         <name>.debug_line</name>
         <load_address>0x285</load_address>
         <run_address>0x285</run_address>
         <size>0x73</size>
         <input_file_ref idref="fl-2"/>
      </object_component>
      <object_component id="oc-173">
         <name>.debug_line</name>
         <load_address>0x2f8</load_address>
         <run_address>0x2f8</run_address>
         <size>0x6f</size>
         <input_file_ref idref="fl-2"/>
      </object_component>
      <object_component id="oc-e7">
         <name>.debug_line</name>
         <load_address>0x367</load_address>
         <run_address>0x367</run_address>
         <size>0x70</size>
         <input_file_ref idref="fl-2"/>
      </object_component>
      <object_component id="oc-a6">
         <name>.debug_line</name>
         <load_address>0x3d7</load_address>
         <run_address>0x3d7</run_address>
         <size>0x40</size>
         <input_file_ref idref="fl-3"/>
      </object_component>
      <object_component id="oc-67">
         <name>.debug_line</name>
         <load_address>0x417</load_address>
         <run_address>0x417</run_address>
         <size>0x40</size>
         <input_file_ref idref="fl-3"/>
      </object_component>
      <object_component id="oc-65">
         <name>.debug_line</name>
         <load_address>0x457</load_address>
         <run_address>0x457</run_address>
         <size>0xa1</size>
         <input_file_ref idref="fl-3"/>
      </object_component>
      <object_component id="oc-163">
         <name>.debug_line</name>
         <load_address>0x4f8</load_address>
         <run_address>0x4f8</run_address>
         <size>0x3b</size>
         <input_file_ref idref="fl-4"/>
      </object_component>
      <object_component id="oc-9f">
         <name>.debug_line</name>
         <load_address>0x533</load_address>
         <run_address>0x533</run_address>
         <size>0x146</size>
         <input_file_ref idref="fl-4"/>
      </object_component>
      <object_component id="oc-178">
         <name>.debug_line</name>
         <load_address>0x679</load_address>
         <run_address>0x679</run_address>
         <size>0x31</size>
         <input_file_ref idref="fl-a"/>
      </object_component>
      <object_component id="oc-176">
         <name>.debug_line</name>
         <load_address>0x6aa</load_address>
         <run_address>0x6aa</run_address>
         <size>0x2a</size>
         <input_file_ref idref="fl-a"/>
      </object_component>
      <object_component id="oc-d6">
         <name>.debug_line</name>
         <load_address>0x6d4</load_address>
         <run_address>0x6d4</run_address>
         <size>0x3f</size>
         <input_file_ref idref="fl-a"/>
      </object_component>
      <object_component id="oc-ca">
         <name>.debug_line</name>
         <load_address>0x713</load_address>
         <run_address>0x713</run_address>
         <size>0x3f</size>
         <input_file_ref idref="fl-a"/>
      </object_component>
      <object_component id="oc-c4">
         <name>.debug_line</name>
         <load_address>0x752</load_address>
         <run_address>0x752</run_address>
         <size>0x3f</size>
         <input_file_ref idref="fl-a"/>
      </object_component>
      <object_component id="oc-be">
         <name>.debug_line</name>
         <load_address>0x791</load_address>
         <run_address>0x791</run_address>
         <size>0x44</size>
         <input_file_ref idref="fl-a"/>
      </object_component>
      <object_component id="oc-d0">
         <name>.debug_line</name>
         <load_address>0x7d5</load_address>
         <run_address>0x7d5</run_address>
         <size>0x46</size>
         <input_file_ref idref="fl-a"/>
      </object_component>
      <object_component id="oc-dc">
         <name>.debug_line</name>
         <load_address>0x81b</load_address>
         <run_address>0x81b</run_address>
         <size>0x3f</size>
         <input_file_ref idref="fl-a"/>
      </object_component>
      <object_component id="oc-17c">
         <name>.debug_line</name>
         <load_address>0x85a</load_address>
         <run_address>0x85a</run_address>
         <size>0x5e</size>
         <input_file_ref idref="fl-a"/>
      </object_component>
      <object_component id="oc-138">
         <name>.debug_line</name>
         <load_address>0x8b8</load_address>
         <run_address>0x8b8</run_address>
         <size>0x69</size>
         <input_file_ref idref="fl-a"/>
      </object_component>
      <object_component id="oc-78">
         <name>.debug_line</name>
         <load_address>0x921</load_address>
         <run_address>0x921</run_address>
         <size>0x20</size>
         <input_file_ref idref="fl-c3"/>
      </object_component>
      <object_component id="oc-18">
         <name>.debug_line</name>
         <load_address>0x941</load_address>
         <run_address>0x941</run_address>
         <size>0x55</size>
         <input_file_ref idref="fl-c3"/>
      </object_component>
      <object_component id="oc-39">
         <name>.debug_line</name>
         <load_address>0x996</load_address>
         <run_address>0x996</run_address>
         <size>0x3a</size>
         <input_file_ref idref="fl-c3"/>
      </object_component>
      <object_component id="oc-75">
         <name>.debug_line</name>
         <load_address>0x9d0</load_address>
         <run_address>0x9d0</run_address>
         <size>0x90</size>
         <input_file_ref idref="fl-c3"/>
      </object_component>
      <object_component id="oc-b2">
         <name>.debug_line</name>
         <load_address>0xa60</load_address>
         <run_address>0xa60</run_address>
         <size>0x20</size>
         <input_file_ref idref="fl-c4"/>
      </object_component>
      <object_component id="oc-15">
         <name>.debug_line</name>
         <load_address>0xa80</load_address>
         <run_address>0xa80</run_address>
         <size>0xa9</size>
         <input_file_ref idref="fl-c4"/>
      </object_component>
      <object_component id="oc-29">
         <name>.debug_line</name>
         <load_address>0xb29</load_address>
         <run_address>0xb29</run_address>
         <size>0x3a</size>
         <input_file_ref idref="fl-c4"/>
      </object_component>
      <object_component id="oc-af">
         <name>.debug_line</name>
         <load_address>0xb63</load_address>
         <run_address>0xb63</run_address>
         <size>0x98</size>
         <input_file_ref idref="fl-c4"/>
      </object_component>
      <object_component id="oc-6e">
         <name>.debug_line</name>
         <load_address>0xbfb</load_address>
         <run_address>0xbfb</run_address>
         <size>0x94</size>
         <input_file_ref idref="fl-c4"/>
      </object_component>
      <object_component id="oc-6a">
         <name>.debug_line</name>
         <load_address>0xc8f</load_address>
         <run_address>0xc8f</run_address>
         <size>0x33</size>
         <input_file_ref idref="fl-c5"/>
      </object_component>
      <object_component id="oc-53">
         <name>.debug_line</name>
         <load_address>0xcc2</load_address>
         <run_address>0xcc2</run_address>
         <size>0x45</size>
         <input_file_ref idref="fl-c5"/>
      </object_component>
      <object_component id="oc-31">
         <name>.debug_line</name>
         <load_address>0xd07</load_address>
         <run_address>0xd07</run_address>
         <size>0x88</size>
         <input_file_ref idref="fl-c6"/>
      </object_component>
      <object_component id="oc-18d">
         <name>.debug_line</name>
         <load_address>0xd8f</load_address>
         <run_address>0xd8f</run_address>
         <size>0xbd</size>
         <input_file_ref idref="fl-c8"/>
      </object_component>
      <object_component id="oc-fa">
         <name>.debug_line</name>
         <load_address>0xe4c</load_address>
         <run_address>0xe4c</run_address>
         <size>0x6f</size>
         <input_file_ref idref="fl-c8"/>
      </object_component>
      <object_component id="oc-191">
         <name>.debug_line</name>
         <load_address>0xebb</load_address>
         <run_address>0xebb</run_address>
         <size>0x2e</size>
         <input_file_ref idref="fl-c8"/>
      </object_component>
      <object_component id="oc-1a5">
         <name>.debug_line</name>
         <load_address>0xee9</load_address>
         <run_address>0xee9</run_address>
         <size>0x98</size>
         <input_file_ref idref="fl-c8"/>
      </object_component>
      <object_component id="oc-196">
         <name>.debug_line</name>
         <load_address>0xf81</load_address>
         <run_address>0xf81</run_address>
         <size>0x95</size>
         <input_file_ref idref="fl-c8"/>
      </object_component>
      <object_component id="oc-19b">
         <name>.debug_line</name>
         <load_address>0x1016</load_address>
         <run_address>0x1016</run_address>
         <size>0x91</size>
         <input_file_ref idref="fl-c8"/>
      </object_component>
      <object_component id="oc-88">
         <name>.debug_line</name>
         <load_address>0x10a7</load_address>
         <run_address>0x10a7</run_address>
         <size>0x40</size>
         <input_file_ref idref="fl-c9"/>
      </object_component>
      <object_component id="oc-ee">
         <name>.debug_line</name>
         <load_address>0x10e7</load_address>
         <run_address>0x10e7</run_address>
         <size>0x3c</size>
         <input_file_ref idref="fl-cb"/>
      </object_component>
      <object_component id="oc-91">
         <name>.debug_frame</name>
         <load_address>0x0</load_address>
         <run_address>0x0</run_address>
         <size>0x5c</size>
         <input_file_ref idref="fl-2"/>
      </object_component>
      <object_component id="oc-64">
         <name>.debug_frame</name>
         <load_address>0x5c</load_address>
         <run_address>0x5c</run_address>
         <size>0x94</size>
         <input_file_ref idref="fl-3"/>
      </object_component>
      <object_component id="oc-a3">
         <name>.debug_frame</name>
         <load_address>0xf0</load_address>
         <run_address>0xf0</run_address>
         <size>0x70</size>
         <input_file_ref idref="fl-4"/>
      </object_component>
      <object_component id="oc-d5">
         <name>.debug_frame</name>
         <load_address>0x368</load_address>
         <run_address>0x368</run_address>
         <size>0x7f</size>
         <input_file_ref idref="fl-a"/>
      </object_component>
      <object_component id="oc-c9">
         <name>.debug_frame</name>
         <load_address>0x3e7</load_address>
         <run_address>0x3e7</run_address>
         <size>0x7f</size>
         <input_file_ref idref="fl-a"/>
      </object_component>
      <object_component id="oc-c3">
         <name>.debug_frame</name>
         <load_address>0x466</load_address>
         <run_address>0x466</run_address>
         <size>0x7f</size>
         <input_file_ref idref="fl-a"/>
      </object_component>
      <object_component id="oc-bd">
         <name>.debug_frame</name>
         <load_address>0x4e5</load_address>
         <run_address>0x4e5</run_address>
         <size>0x7f</size>
         <input_file_ref idref="fl-a"/>
      </object_component>
      <object_component id="oc-cf">
         <name>.debug_frame</name>
         <load_address>0x564</load_address>
         <run_address>0x564</run_address>
         <size>0x7f</size>
         <input_file_ref idref="fl-a"/>
      </object_component>
      <object_component id="oc-db">
         <name>.debug_frame</name>
         <load_address>0x5e3</load_address>
         <run_address>0x5e3</run_address>
         <size>0x7f</size>
         <input_file_ref idref="fl-a"/>
      </object_component>
      <object_component id="oc-17">
         <name>.debug_frame</name>
         <load_address>0x160</load_address>
         <run_address>0x160</run_address>
         <size>0x54</size>
         <input_file_ref idref="fl-c3"/>
      </object_component>
      <object_component id="oc-11">
         <name>.debug_frame</name>
         <load_address>0x1b4</load_address>
         <run_address>0x1b4</run_address>
         <size>0x60</size>
         <input_file_ref idref="fl-c4"/>
      </object_component>
      <object_component id="oc-4f">
         <name>.debug_frame</name>
         <load_address>0x214</load_address>
         <run_address>0x214</run_address>
         <size>0x50</size>
         <input_file_ref idref="fl-c5"/>
      </object_component>
      <object_component id="oc-f9">
         <name>.debug_frame</name>
         <load_address>0x264</load_address>
         <run_address>0x264</run_address>
         <size>0x5c</size>
         <input_file_ref idref="fl-c8"/>
      </object_component>
      <object_component id="oc-87">
         <name>.debug_frame</name>
         <load_address>0x2c0</load_address>
         <run_address>0x2c0</run_address>
         <size>0x54</size>
         <input_file_ref idref="fl-c9"/>
      </object_component>
      <object_component id="oc-ed">
         <name>.debug_frame</name>
         <load_address>0x314</load_address>
         <run_address>0x314</run_address>
         <size>0x54</size>
         <input_file_ref idref="fl-cb"/>
      </object_component>
      <object_component id="oc-164">
         <name>.debug_abbrev</name>
         <load_address>0x0</load_address>
         <run_address>0x0</run_address>
         <size>0xc5</size>
         <input_file_ref idref="fl-2"/>
      </object_component>
      <object_component id="oc-140">
         <name>.debug_abbrev</name>
         <load_address>0xc5</load_address>
         <run_address>0xc5</run_address>
         <size>0x29</size>
         <input_file_ref idref="fl-2"/>
      </object_component>
      <object_component id="oc-e3">
         <name>.debug_abbrev</name>
         <load_address>0xee</load_address>
         <run_address>0xee</run_address>
         <size>0x60</size>
         <input_file_ref idref="fl-2"/>
      </object_component>
      <object_component id="oc-168">
         <name>.debug_abbrev</name>
         <load_address>0x14e</load_address>
         <run_address>0x14e</run_address>
         <size>0xbd</size>
         <input_file_ref idref="fl-2"/>
      </object_component>
      <object_component id="oc-a9">
         <name>.debug_abbrev</name>
         <load_address>0x20b</load_address>
         <run_address>0x20b</run_address>
         <size>0x69</size>
         <input_file_ref idref="fl-2"/>
      </object_component>
      <object_component id="oc-16d">
         <name>.debug_abbrev</name>
         <load_address>0x274</load_address>
         <run_address>0x274</run_address>
         <size>0x97</size>
         <input_file_ref idref="fl-2"/>
      </object_component>
      <object_component id="oc-2d">
         <name>.debug_abbrev</name>
         <load_address>0x30b</load_address>
         <run_address>0x30b</run_address>
         <size>0x1f</size>
         <input_file_ref idref="fl-2"/>
      </object_component>
      <object_component id="oc-12d">
         <name>.debug_abbrev</name>
         <load_address>0x32a</load_address>
         <run_address>0x32a</run_address>
         <size>0x5c</size>
         <input_file_ref idref="fl-2"/>
      </object_component>
      <object_component id="oc-172">
         <name>.debug_abbrev</name>
         <load_address>0x386</load_address>
         <run_address>0x386</run_address>
         <size>0x24</size>
         <input_file_ref idref="fl-2"/>
      </object_component>
      <object_component id="oc-e6">
         <name>.debug_abbrev</name>
         <load_address>0x3aa</load_address>
         <run_address>0x3aa</run_address>
         <size>0x24</size>
         <input_file_ref idref="fl-2"/>
      </object_component>
      <object_component id="oc-a5">
         <name>.debug_abbrev</name>
         <load_address>0x3ce</load_address>
         <run_address>0x3ce</run_address>
         <size>0x7c</size>
         <input_file_ref idref="fl-3"/>
      </object_component>
      <object_component id="oc-66">
         <name>.debug_abbrev</name>
         <load_address>0x44a</load_address>
         <run_address>0x44a</run_address>
         <size>0x29</size>
         <input_file_ref idref="fl-3"/>
      </object_component>
      <object_component id="oc-a4">
         <name>.debug_abbrev</name>
         <load_address>0x473</load_address>
         <run_address>0x473</run_address>
         <size>0x85</size>
         <input_file_ref idref="fl-3"/>
      </object_component>
      <object_component id="oc-162">
         <name>.debug_abbrev</name>
         <load_address>0x4f8</load_address>
         <run_address>0x4f8</run_address>
         <size>0x29</size>
         <input_file_ref idref="fl-4"/>
      </object_component>
      <object_component id="oc-12a">
         <name>.debug_abbrev</name>
         <load_address>0x521</load_address>
         <run_address>0x521</run_address>
         <size>0x8b</size>
         <input_file_ref idref="fl-4"/>
      </object_component>
      <object_component id="oc-177">
         <name>.debug_abbrev</name>
         <load_address>0x5ac</load_address>
         <run_address>0x5ac</run_address>
         <size>0xb0</size>
         <input_file_ref idref="fl-a"/>
      </object_component>
      <object_component id="oc-175">
         <name>.debug_abbrev</name>
         <load_address>0x65c</load_address>
         <run_address>0x65c</run_address>
         <size>0x27</size>
         <input_file_ref idref="fl-a"/>
      </object_component>
      <object_component id="oc-13e">
         <name>.debug_abbrev</name>
         <load_address>0x683</load_address>
         <run_address>0x683</run_address>
         <size>0x6c</size>
         <input_file_ref idref="fl-a"/>
      </object_component>
      <object_component id="oc-13c">
         <name>.debug_abbrev</name>
         <load_address>0x6ef</load_address>
         <run_address>0x6ef</run_address>
         <size>0x6c</size>
         <input_file_ref idref="fl-a"/>
      </object_component>
      <object_component id="oc-13b">
         <name>.debug_abbrev</name>
         <load_address>0x75b</load_address>
         <run_address>0x75b</run_address>
         <size>0x6c</size>
         <input_file_ref idref="fl-a"/>
      </object_component>
      <object_component id="oc-134">
         <name>.debug_abbrev</name>
         <load_address>0x7c7</load_address>
         <run_address>0x7c7</run_address>
         <size>0x6c</size>
         <input_file_ref idref="fl-a"/>
      </object_component>
      <object_component id="oc-13d">
         <name>.debug_abbrev</name>
         <load_address>0x833</load_address>
         <run_address>0x833</run_address>
         <size>0x6c</size>
         <input_file_ref idref="fl-a"/>
      </object_component>
      <object_component id="oc-13f">
         <name>.debug_abbrev</name>
         <load_address>0x89f</load_address>
         <run_address>0x89f</run_address>
         <size>0x6e</size>
         <input_file_ref idref="fl-a"/>
      </object_component>
      <object_component id="oc-17b">
         <name>.debug_abbrev</name>
         <load_address>0x90d</load_address>
         <run_address>0x90d</run_address>
         <size>0x97</size>
         <input_file_ref idref="fl-a"/>
      </object_component>
      <object_component id="oc-137">
         <name>.debug_abbrev</name>
         <load_address>0x9a4</load_address>
         <run_address>0x9a4</run_address>
         <size>0x35</size>
         <input_file_ref idref="fl-a"/>
      </object_component>
      <object_component id="oc-77">
         <name>.debug_abbrev</name>
         <load_address>0x9d9</load_address>
         <run_address>0x9d9</run_address>
         <size>0x37</size>
         <input_file_ref idref="fl-c3"/>
      </object_component>
      <object_component id="oc-35">
         <name>.debug_abbrev</name>
         <load_address>0xa10</load_address>
         <run_address>0xa10</run_address>
         <size>0x74</size>
         <input_file_ref idref="fl-c3"/>
      </object_component>
      <object_component id="oc-38">
         <name>.debug_abbrev</name>
         <load_address>0xa84</load_address>
         <run_address>0xa84</run_address>
         <size>0x24</size>
         <input_file_ref idref="fl-c3"/>
      </object_component>
      <object_component id="oc-74">
         <name>.debug_abbrev</name>
         <load_address>0xaa8</load_address>
         <run_address>0xaa8</run_address>
         <size>0x24</size>
         <input_file_ref idref="fl-c3"/>
      </object_component>
      <object_component id="oc-b1">
         <name>.debug_abbrev</name>
         <load_address>0xacc</load_address>
         <run_address>0xacc</run_address>
         <size>0x37</size>
         <input_file_ref idref="fl-c4"/>
      </object_component>
      <object_component id="oc-25">
         <name>.debug_abbrev</name>
         <load_address>0xb03</load_address>
         <run_address>0xb03</run_address>
         <size>0x6f</size>
         <input_file_ref idref="fl-c4"/>
      </object_component>
      <object_component id="oc-28">
         <name>.debug_abbrev</name>
         <load_address>0xb72</load_address>
         <run_address>0xb72</run_address>
         <size>0x24</size>
         <input_file_ref idref="fl-c4"/>
      </object_component>
      <object_component id="oc-ae">
         <name>.debug_abbrev</name>
         <load_address>0xb96</load_address>
         <run_address>0xb96</run_address>
         <size>0x35</size>
         <input_file_ref idref="fl-c4"/>
      </object_component>
      <object_component id="oc-6d">
         <name>.debug_abbrev</name>
         <load_address>0xbcb</load_address>
         <run_address>0xbcb</run_address>
         <size>0x24</size>
         <input_file_ref idref="fl-c4"/>
      </object_component>
      <object_component id="oc-69">
         <name>.debug_abbrev</name>
         <load_address>0xbef</load_address>
         <run_address>0xbef</run_address>
         <size>0x29</size>
         <input_file_ref idref="fl-c5"/>
      </object_component>
      <object_component id="oc-95">
         <name>.debug_abbrev</name>
         <load_address>0xc18</load_address>
         <run_address>0xc18</run_address>
         <size>0x55</size>
         <input_file_ref idref="fl-c5"/>
      </object_component>
      <object_component id="oc-71">
         <name>.debug_abbrev</name>
         <load_address>0xc6d</load_address>
         <run_address>0xc6d</run_address>
         <size>0x3e</size>
         <input_file_ref idref="fl-c6"/>
      </object_component>
      <object_component id="oc-18c">
         <name>.debug_abbrev</name>
         <load_address>0xcab</load_address>
         <run_address>0xcab</run_address>
         <size>0xc0</size>
         <input_file_ref idref="fl-c8"/>
      </object_component>
      <object_component id="oc-14c">
         <name>.debug_abbrev</name>
         <load_address>0xd6b</load_address>
         <run_address>0xd6b</run_address>
         <size>0x7e</size>
         <input_file_ref idref="fl-c8"/>
      </object_component>
      <object_component id="oc-190">
         <name>.debug_abbrev</name>
         <load_address>0xde9</load_address>
         <run_address>0xde9</run_address>
         <size>0x24</size>
         <input_file_ref idref="fl-c8"/>
      </object_component>
      <object_component id="oc-1a4">
         <name>.debug_abbrev</name>
         <load_address>0xe0d</load_address>
         <run_address>0xe0d</run_address>
         <size>0x24</size>
         <input_file_ref idref="fl-c8"/>
      </object_component>
      <object_component id="oc-195">
         <name>.debug_abbrev</name>
         <load_address>0xe31</load_address>
         <run_address>0xe31</run_address>
         <size>0x24</size>
         <input_file_ref idref="fl-c8"/>
      </object_component>
      <object_component id="oc-19a">
         <name>.debug_abbrev</name>
         <load_address>0xe55</load_address>
         <run_address>0xe55</run_address>
         <size>0x4b</size>
         <input_file_ref idref="fl-c8"/>
      </object_component>
      <object_component id="oc-bb">
         <name>.debug_abbrev</name>
         <load_address>0xea0</load_address>
         <run_address>0xea0</run_address>
         <size>0x55</size>
         <input_file_ref idref="fl-c9"/>
      </object_component>
      <object_component id="oc-142">
         <name>.debug_abbrev</name>
         <load_address>0xef5</load_address>
         <run_address>0xef5</run_address>
         <size>0x45</size>
         <input_file_ref idref="fl-cb"/>
      </object_component>
      <object_component id="oc-1db">
         <name>.debug_abbrev</name>
         <load_address>0xf3a</load_address>
         <run_address>0xf3a</run_address>
         <size>0xf</size>
      </object_component>
      <object_component id="oc-16a">
         <name>.debug_str</name>
         <load_address>0x0</load_address>
         <run_address>0x0</run_address>
         <size>0x15bf</size>
         <input_file_ref idref="fl-2"/>
      </object_component>
      <object_component id="oc-ab">
         <name>.debug_str</name>
         <load_address>0x15bf</load_address>
         <run_address>0x15bf</run_address>
         <size>0x2a7</size>
         <input_file_ref idref="fl-2"/>
      </object_component>
      <object_component id="oc-16f">
         <name>.debug_str</name>
         <load_address>0x1866</load_address>
         <run_address>0x1866</run_address>
         <size>0x47b</size>
         <input_file_ref idref="fl-2"/>
      </object_component>
      <object_component id="oc-2f">
         <name>.debug_str</name>
         <load_address>0x1ce1</load_address>
         <run_address>0x1ce1</run_address>
         <size>0xfe</size>
         <input_file_ref idref="fl-2"/>
      </object_component>
      <object_component id="oc-12f">
         <name>.debug_str</name>
         <load_address>0x1ddf</load_address>
         <run_address>0x1ddf</run_address>
         <size>0x336</size>
         <input_file_ref idref="fl-2"/>
      </object_component>
      <object_component id="oc-174">
         <name>.debug_str</name>
         <load_address>0x2115</load_address>
         <run_address>0x2115</run_address>
         <size>0x1b2</size>
         <input_file_ref idref="fl-2"/>
      </object_component>
      <object_component id="oc-e8">
         <name>.debug_str</name>
         <load_address>0x22c7</load_address>
         <run_address>0x22c7</run_address>
         <size>0x13f</size>
         <input_file_ref idref="fl-2"/>
      </object_component>
      <object_component id="oc-17d">
         <name>.debug_str</name>
         <load_address>0x2406</load_address>
         <run_address>0x2406</run_address>
         <size>0x46b</size>
         <input_file_ref idref="fl-a"/>
      </object_component>
      <object_component id="oc-139">
         <name>.debug_str</name>
         <load_address>0x2871</load_address>
         <run_address>0x2871</run_address>
         <size>0x20f</size>
         <input_file_ref idref="fl-a"/>
      </object_component>
      <object_component id="oc-3a">
         <name>.debug_str</name>
         <load_address>0x2a80</load_address>
         <run_address>0x2a80</run_address>
         <size>0x10a</size>
         <input_file_ref idref="fl-c3"/>
      </object_component>
      <object_component id="oc-76">
         <name>.debug_str</name>
         <load_address>0x2b8a</load_address>
         <run_address>0x2b8a</run_address>
         <size>0x13d</size>
         <input_file_ref idref="fl-c3"/>
      </object_component>
      <object_component id="oc-2a">
         <name>.debug_str</name>
         <load_address>0x2cc7</load_address>
         <run_address>0x2cc7</run_address>
         <size>0x117</size>
         <input_file_ref idref="fl-c4"/>
      </object_component>
      <object_component id="oc-b0">
         <name>.debug_str</name>
         <load_address>0x2dde</load_address>
         <run_address>0x2dde</run_address>
         <size>0x168</size>
         <input_file_ref idref="fl-c4"/>
      </object_component>
      <object_component id="oc-6f">
         <name>.debug_str</name>
         <load_address>0x2f46</load_address>
         <run_address>0x2f46</run_address>
         <size>0x155</size>
         <input_file_ref idref="fl-c4"/>
      </object_component>
      <object_component id="oc-192">
         <name>.debug_str</name>
         <load_address>0x309b</load_address>
         <run_address>0x309b</run_address>
         <size>0xec</size>
         <input_file_ref idref="fl-c8"/>
      </object_component>
      <object_component id="oc-1a6">
         <name>.debug_str</name>
         <load_address>0x3187</load_address>
         <run_address>0x3187</run_address>
         <size>0x154</size>
         <input_file_ref idref="fl-c8"/>
      </object_component>
      <object_component id="oc-197">
         <name>.debug_str</name>
         <load_address>0x32db</load_address>
         <run_address>0x32db</run_address>
         <size>0x14d</size>
         <input_file_ref idref="fl-c8"/>
      </object_component>
      <object_component id="oc-19c">
         <name>.debug_str</name>
         <load_address>0x3428</load_address>
         <run_address>0x3428</run_address>
         <size>0x194</size>
         <input_file_ref idref="fl-c8"/>
      </object_component>
      <object_component id="oc-8f">
         <name>.debug_aranges</name>
         <load_address>0x0</load_address>
         <run_address>0x0</run_address>
         <size>0x20</size>
         <input_file_ref idref="fl-2"/>
      </object_component>
      <object_component id="oc-62">
         <name>.debug_aranges</name>
         <load_address>0x20</load_address>
         <run_address>0x20</run_address>
         <size>0x38</size>
         <input_file_ref idref="fl-3"/>
      </object_component>
      <object_component id="oc-a0">
         <name>.debug_aranges</name>
         <load_address>0x58</load_address>
         <run_address>0x58</run_address>
         <size>0x28</size>
         <input_file_ref idref="fl-4"/>
      </object_component>
      <object_component id="oc-d8">
         <name>.debug_aranges</name>
         <load_address>0x80</load_address>
         <run_address>0x80</run_address>
         <size>0x20</size>
         <input_file_ref idref="fl-a"/>
      </object_component>
      <object_component id="oc-cc">
         <name>.debug_aranges</name>
         <load_address>0xa0</load_address>
         <run_address>0xa0</run_address>
         <size>0x20</size>
         <input_file_ref idref="fl-a"/>
      </object_component>
      <object_component id="oc-c6">
         <name>.debug_aranges</name>
         <load_address>0xc0</load_address>
         <run_address>0xc0</run_address>
         <size>0x20</size>
         <input_file_ref idref="fl-a"/>
      </object_component>
      <object_component id="oc-c0">
         <name>.debug_aranges</name>
         <load_address>0xe0</load_address>
         <run_address>0xe0</run_address>
         <size>0x20</size>
         <input_file_ref idref="fl-a"/>
      </object_component>
      <object_component id="oc-d2">
         <name>.debug_aranges</name>
         <load_address>0x100</load_address>
         <run_address>0x100</run_address>
         <size>0x20</size>
         <input_file_ref idref="fl-a"/>
      </object_component>
      <object_component id="oc-de">
         <name>.debug_aranges</name>
         <load_address>0x120</load_address>
         <run_address>0x120</run_address>
         <size>0x20</size>
         <input_file_ref idref="fl-a"/>
      </object_component>
      <object_component id="oc-1b">
         <name>.debug_aranges</name>
         <load_address>0x140</load_address>
         <run_address>0x140</run_address>
         <size>0x20</size>
         <input_file_ref idref="fl-c3"/>
      </object_component>
      <object_component id="oc-12">
         <name>.debug_aranges</name>
         <load_address>0x160</load_address>
         <run_address>0x160</run_address>
         <size>0x20</size>
         <input_file_ref idref="fl-c4"/>
      </object_component>
      <object_component id="oc-51">
         <name>.debug_aranges</name>
         <load_address>0x180</load_address>
         <run_address>0x180</run_address>
         <size>0x20</size>
         <input_file_ref idref="fl-c5"/>
      </object_component>
      <object_component id="oc-32">
         <name>.debug_aranges</name>
         <load_address>0x1a0</load_address>
         <run_address>0x1a0</run_address>
         <size>0x20</size>
         <input_file_ref idref="fl-c6"/>
      </object_component>
      <object_component id="oc-f8">
         <name>.debug_aranges</name>
         <load_address>0x1c0</load_address>
         <run_address>0x1c0</run_address>
         <size>0x20</size>
         <input_file_ref idref="fl-c8"/>
      </object_component>
      <object_component id="oc-8a">
         <name>.debug_aranges</name>
         <load_address>0x1e0</load_address>
         <run_address>0x1e0</run_address>
         <size>0x20</size>
         <input_file_ref idref="fl-c9"/>
      </object_component>
      <object_component id="oc-eb">
         <name>.debug_aranges</name>
         <load_address>0x200</load_address>
         <run_address>0x200</run_address>
         <size>0x20</size>
         <input_file_ref idref="fl-cb"/>
      </object_component>
      <object_component id="oc-e2">
         <name>.debug_pubnames</name>
         <load_address>0x0</load_address>
         <run_address>0x0</run_address>
         <size>0x23</size>
         <input_file_ref idref="fl-2"/>
      </object_component>
      <object_component id="oc-8e">
         <name>.debug_pubnames</name>
         <load_address>0x23</load_address>
         <run_address>0x23</run_address>
         <size>0x1b</size>
         <input_file_ref idref="fl-2"/>
      </object_component>
      <object_component id="oc-21">
         <name>.debug_pubnames</name>
         <load_address>0x3e</load_address>
         <run_address>0x3e</run_address>
         <size>0x27</size>
         <input_file_ref idref="fl-3"/>
      </object_component>
      <object_component id="oc-63">
         <name>.debug_pubnames</name>
         <load_address>0x65</load_address>
         <run_address>0x65</run_address>
         <size>0x46</size>
         <input_file_ref idref="fl-3"/>
      </object_component>
      <object_component id="oc-129">
         <name>.debug_pubnames</name>
         <load_address>0xab</load_address>
         <run_address>0xab</run_address>
         <size>0x26</size>
         <input_file_ref idref="fl-4"/>
      </object_component>
      <object_component id="oc-a2">
         <name>.debug_pubnames</name>
         <load_address>0xd1</load_address>
         <run_address>0xd1</run_address>
         <size>0x3b</size>
         <input_file_ref idref="fl-4"/>
      </object_component>
      <object_component id="oc-133">
         <name>.debug_pubnames</name>
         <load_address>0x10c</load_address>
         <run_address>0x10c</run_address>
         <size>0x28</size>
         <input_file_ref idref="fl-a"/>
      </object_component>
      <object_component id="oc-d9">
         <name>.debug_pubnames</name>
         <load_address>0x134</load_address>
         <run_address>0x134</run_address>
         <size>0x2d</size>
         <input_file_ref idref="fl-a"/>
      </object_component>
      <object_component id="oc-cd">
         <name>.debug_pubnames</name>
         <load_address>0x161</load_address>
         <run_address>0x161</run_address>
         <size>0x2d</size>
         <input_file_ref idref="fl-a"/>
      </object_component>
      <object_component id="oc-c7">
         <name>.debug_pubnames</name>
         <load_address>0x18e</load_address>
         <run_address>0x18e</run_address>
         <size>0x2e</size>
         <input_file_ref idref="fl-a"/>
      </object_component>
      <object_component id="oc-c1">
         <name>.debug_pubnames</name>
         <load_address>0x1bc</load_address>
         <run_address>0x1bc</run_address>
         <size>0x2a</size>
         <input_file_ref idref="fl-a"/>
      </object_component>
      <object_component id="oc-d3">
         <name>.debug_pubnames</name>
         <load_address>0x1e6</load_address>
         <run_address>0x1e6</run_address>
         <size>0x3b</size>
         <input_file_ref idref="fl-a"/>
      </object_component>
      <object_component id="oc-df">
         <name>.debug_pubnames</name>
         <load_address>0x221</load_address>
         <run_address>0x221</run_address>
         <size>0x2c</size>
         <input_file_ref idref="fl-a"/>
      </object_component>
      <object_component id="oc-1a">
         <name>.debug_pubnames</name>
         <load_address>0x24d</load_address>
         <run_address>0x24d</run_address>
         <size>0x2b</size>
         <input_file_ref idref="fl-c3"/>
      </object_component>
      <object_component id="oc-14">
         <name>.debug_pubnames</name>
         <load_address>0x278</load_address>
         <run_address>0x278</run_address>
         <size>0x2b</size>
         <input_file_ref idref="fl-c4"/>
      </object_component>
      <object_component id="oc-24">
         <name>.debug_pubnames</name>
         <load_address>0x2a3</load_address>
         <run_address>0x2a3</run_address>
         <size>0x1e</size>
         <input_file_ref idref="fl-c5"/>
      </object_component>
      <object_component id="oc-52">
         <name>.debug_pubnames</name>
         <load_address>0x2c1</load_address>
         <run_address>0x2c1</run_address>
         <size>0x26</size>
         <input_file_ref idref="fl-c5"/>
      </object_component>
      <object_component id="oc-34">
         <name>.debug_pubnames</name>
         <load_address>0x2e7</load_address>
         <run_address>0x2e7</run_address>
         <size>0x1d</size>
         <input_file_ref idref="fl-c6"/>
      </object_component>
      <object_component id="oc-f7">
         <name>.debug_pubnames</name>
         <load_address>0x304</load_address>
         <run_address>0x304</run_address>
         <size>0x35</size>
         <input_file_ref idref="fl-c8"/>
      </object_component>
      <object_component id="oc-8b">
         <name>.debug_pubnames</name>
         <load_address>0x339</load_address>
         <run_address>0x339</run_address>
         <size>0x27</size>
         <input_file_ref idref="fl-c9"/>
      </object_component>
      <object_component id="oc-ec">
         <name>.debug_pubnames</name>
         <load_address>0x360</load_address>
         <run_address>0x360</run_address>
         <size>0x1c</size>
         <input_file_ref idref="fl-cb"/>
      </object_component>
      <object_component id="oc-167">
         <name>.debug_pubtypes</name>
         <load_address>0x0</load_address>
         <run_address>0x0</run_address>
         <size>0x2ce</size>
         <input_file_ref idref="fl-2"/>
      </object_component>
      <object_component id="oc-a8">
         <name>.debug_pubtypes</name>
         <load_address>0x2ce</load_address>
         <run_address>0x2ce</run_address>
         <size>0x25c</size>
         <input_file_ref idref="fl-2"/>
      </object_component>
      <object_component id="oc-16c">
         <name>.debug_pubtypes</name>
         <load_address>0x52a</load_address>
         <run_address>0x52a</run_address>
         <size>0xdd</size>
         <input_file_ref idref="fl-2"/>
      </object_component>
      <object_component id="oc-2c">
         <name>.debug_pubtypes</name>
         <load_address>0x607</load_address>
         <run_address>0x607</run_address>
         <size>0xed</size>
         <input_file_ref idref="fl-2"/>
      </object_component>
      <object_component id="oc-12c">
         <name>.debug_pubtypes</name>
         <load_address>0x6f4</load_address>
         <run_address>0x6f4</run_address>
         <size>0x325</size>
         <input_file_ref idref="fl-2"/>
      </object_component>
      <object_component id="oc-171">
         <name>.debug_pubtypes</name>
         <load_address>0xa19</load_address>
         <run_address>0xa19</run_address>
         <size>0x12e</size>
         <input_file_ref idref="fl-2"/>
      </object_component>
      <object_component id="oc-e5">
         <name>.debug_pubtypes</name>
         <load_address>0xb47</load_address>
         <run_address>0xb47</run_address>
         <size>0xaa</size>
         <input_file_ref idref="fl-2"/>
      </object_component>
      <object_component id="oc-17a">
         <name>.debug_pubtypes</name>
         <load_address>0xbf1</load_address>
         <run_address>0xbf1</run_address>
         <size>0xdd</size>
         <input_file_ref idref="fl-a"/>
      </object_component>
      <object_component id="oc-136">
         <name>.debug_pubtypes</name>
         <load_address>0xcce</load_address>
         <run_address>0xcce</run_address>
         <size>0x1c6</size>
         <input_file_ref idref="fl-a"/>
      </object_component>
      <object_component id="oc-37">
         <name>.debug_pubtypes</name>
         <load_address>0xe94</load_address>
         <run_address>0xe94</run_address>
         <size>0x48</size>
         <input_file_ref idref="fl-c3"/>
      </object_component>
      <object_component id="oc-73">
         <name>.debug_pubtypes</name>
         <load_address>0xedc</load_address>
         <run_address>0xedc</run_address>
         <size>0x1d</size>
         <input_file_ref idref="fl-c3"/>
      </object_component>
      <object_component id="oc-27">
         <name>.debug_pubtypes</name>
         <load_address>0xef9</load_address>
         <run_address>0xef9</run_address>
         <size>0x5d</size>
         <input_file_ref idref="fl-c4"/>
      </object_component>
      <object_component id="oc-ad">
         <name>.debug_pubtypes</name>
         <load_address>0xf56</load_address>
         <run_address>0xf56</run_address>
         <size>0x48</size>
         <input_file_ref idref="fl-c4"/>
      </object_component>
      <object_component id="oc-6c">
         <name>.debug_pubtypes</name>
         <load_address>0xf9e</load_address>
         <run_address>0xf9e</run_address>
         <size>0x35</size>
         <input_file_ref idref="fl-c4"/>
      </object_component>
      <object_component id="oc-18f">
         <name>.debug_pubtypes</name>
         <load_address>0xfd3</load_address>
         <run_address>0xfd3</run_address>
         <size>0x32</size>
         <input_file_ref idref="fl-c8"/>
      </object_component>
      <object_component id="oc-1a3">
         <name>.debug_pubtypes</name>
         <load_address>0x1005</load_address>
         <run_address>0x1005</run_address>
         <size>0x30</size>
         <input_file_ref idref="fl-c8"/>
      </object_component>
      <object_component id="oc-194">
         <name>.debug_pubtypes</name>
         <load_address>0x1035</load_address>
         <run_address>0x1035</run_address>
         <size>0x2c</size>
         <input_file_ref idref="fl-c8"/>
      </object_component>
      <object_component id="oc-199">
         <name>.debug_pubtypes</name>
         <load_address>0x1061</load_address>
         <run_address>0x1061</run_address>
         <size>0x50</size>
         <input_file_ref idref="fl-c8"/>
      </object_component>
   </object_component_list>
   <logical_group_list>
      <logical_group id="lg-3" display="no" color="cyan">
         <name>.intvecs</name>
         <load_address>0x0</load_address>
         <run_address>0x0</run_address>
         <size>0x140</size>
         <contents>
            <object_component_ref idref="oc-1f"/>
         </contents>
      </logical_group>
      <logical_group id="lg-4" display="no" color="cyan">
         <name>.text</name>
         <load_address>0x140</load_address>
         <run_address>0x140</run_address>
         <size>0x680</size>
         <contents>
            <object_component_ref idref="oc-9e"/>
            <object_component_ref idref="oc-8c"/>
            <object_component_ref idref="oc-30"/>
            <object_component_ref idref="oc-10"/>
            <object_component_ref idref="oc-f5"/>
            <object_component_ref idref="oc-4e"/>
            <object_component_ref idref="oc-ce"/>
            <object_component_ref idref="oc-bc"/>
            <object_component_ref idref="oc-da"/>
            <object_component_ref idref="oc-c8"/>
            <object_component_ref idref="oc-c2"/>
            <object_component_ref idref="oc-d4"/>
            <object_component_ref idref="oc-60"/>
            <object_component_ref idref="oc-16"/>
            <object_component_ref idref="oc-86"/>
            <object_component_ref idref="oc-e9"/>
         </contents>
      </logical_group>
      <logical_group id="lg-5" display="no" color="cyan">
         <name>.const</name>
         <run_address>0x0</run_address>
         <size>0x0</size>
         <contents>
         </contents>
      </logical_group>
      <logical_group id="lg-6" display="no" color="cyan">
         <name>.cinit</name>
         <load_address>0x7c0</load_address>
         <run_address>0x7c0</run_address>
         <size>0x44</size>
         <contents>
            <object_component_ref idref="oc-1d8"/>
            <object_component_ref idref="oc-1d6"/>
            <object_component_ref idref="oc-1d7"/>
         </contents>
      </logical_group>
      <logical_group id="lg-7" display="no" color="cyan">
         <name>.pinit</name>
         <run_address>0x0</run_address>
         <size>0x0</size>
         <contents>
         </contents>
      </logical_group>
      <logical_group id="lg-8" display="no" color="cyan">
         <name>.init_array</name>
         <run_address>0x0</run_address>
         <size>0x0</size>
         <contents>
         </contents>
      </logical_group>
      <logical_group id="lg-9" display="no" color="cyan">
         <name>.flashMailbox</name>
         <run_address>0x0</run_address>
         <size>0x0</size>
         <contents>
         </contents>
      </logical_group>
      <logical_group id="lg-a" display="no" color="cyan">
         <name>.vtable</name>
         <run_address>0x0</run_address>
         <size>0x0</size>
         <contents>
         </contents>
      </logical_group>
      <logical_group id="lg-b" display="no" color="cyan">
         <name>.data</name>
         <run_address>0x20000000</run_address>
         <size>0x38</size>
         <contents>
            <object_component_ref idref="oc-e0"/>
            <object_component_ref idref="oc-127"/>
            <object_component_ref idref="oc-131"/>
         </contents>
      </logical_group>
      <logical_group id="lg-c" display="no" color="cyan">
         <name>.bss</name>
         <run_address>0x0</run_address>
         <size>0x0</size>
         <contents>
         </contents>
      </logical_group>
      <logical_group id="lg-d" display="no" color="cyan">
         <name>.sysmem</name>
         <run_address>0x0</run_address>
         <size>0x0</size>
         <contents>
         </contents>
      </logical_group>
      <logical_group id="lg-e" display="no" color="cyan">
         <name>.stack</name>
         <run_address>0x2000fe00</run_address>
         <size>0x200</size>
         <contents>
            <object_component_ref idref="oc-22"/>
            <object_component_ref idref="oc-1d9"/>
         </contents>
      </logical_group>
      <logical_group id="lg-1ae" display="no" color="cyan">
         <name>.TI.noinit</name>
         <run_address>0x0</run_address>
         <size>0x0</size>
         <contents>
         </contents>
      </logical_group>
      <logical_group id="lg-1af" display="no" color="cyan">
         <name>.TI.persistent</name>
         <run_address>0x0</run_address>
         <size>0x0</size>
         <contents>
         </contents>
      </logical_group>
      <logical_group id="lg-1be" display="never" color="cyan">
         <name>.debug_info</name>
         <load_address>0x0</load_address>
         <run_address>0x0</run_address>
         <size>0x9e5d</size>
         <contents>
            <object_component_ref idref="oc-130"/>
            <object_component_ref idref="oc-e1"/>
            <object_component_ref idref="oc-8d"/>
            <object_component_ref idref="oc-166"/>
            <object_component_ref idref="oc-a7"/>
            <object_component_ref idref="oc-16b"/>
            <object_component_ref idref="oc-2b"/>
            <object_component_ref idref="oc-12b"/>
            <object_component_ref idref="oc-170"/>
            <object_component_ref idref="oc-e4"/>
            <object_component_ref idref="oc-68"/>
            <object_component_ref idref="oc-20"/>
            <object_component_ref idref="oc-61"/>
            <object_component_ref idref="oc-128"/>
            <object_component_ref idref="oc-a1"/>
            <object_component_ref idref="oc-13a"/>
            <object_component_ref idref="oc-132"/>
            <object_component_ref idref="oc-d7"/>
            <object_component_ref idref="oc-cb"/>
            <object_component_ref idref="oc-c5"/>
            <object_component_ref idref="oc-bf"/>
            <object_component_ref idref="oc-d1"/>
            <object_component_ref idref="oc-dd"/>
            <object_component_ref idref="oc-179"/>
            <object_component_ref idref="oc-135"/>
            <object_component_ref idref="oc-3b"/>
            <object_component_ref idref="oc-19"/>
            <object_component_ref idref="oc-36"/>
            <object_component_ref idref="oc-72"/>
            <object_component_ref idref="oc-70"/>
            <object_component_ref idref="oc-13"/>
            <object_component_ref idref="oc-26"/>
            <object_component_ref idref="oc-ac"/>
            <object_component_ref idref="oc-6b"/>
            <object_component_ref idref="oc-23"/>
            <object_component_ref idref="oc-50"/>
            <object_component_ref idref="oc-33"/>
            <object_component_ref idref="oc-14d"/>
            <object_component_ref idref="oc-f6"/>
            <object_component_ref idref="oc-18e"/>
            <object_component_ref idref="oc-1a2"/>
            <object_component_ref idref="oc-193"/>
            <object_component_ref idref="oc-198"/>
            <object_component_ref idref="oc-89"/>
            <object_component_ref idref="oc-ea"/>
            <object_component_ref idref="oc-1da"/>
         </contents>
      </logical_group>
      <logical_group id="lg-1c0" display="never" color="cyan">
         <name>.debug_line</name>
         <load_address>0x0</load_address>
         <run_address>0x0</run_address>
         <size>0x1123</size>
         <contents>
            <object_component_ref idref="oc-165"/>
            <object_component_ref idref="oc-141"/>
            <object_component_ref idref="oc-90"/>
            <object_component_ref idref="oc-169"/>
            <object_component_ref idref="oc-aa"/>
            <object_component_ref idref="oc-16e"/>
            <object_component_ref idref="oc-2e"/>
            <object_component_ref idref="oc-12e"/>
            <object_component_ref idref="oc-173"/>
            <object_component_ref idref="oc-e7"/>
            <object_component_ref idref="oc-a6"/>
            <object_component_ref idref="oc-67"/>
            <object_component_ref idref="oc-65"/>
            <object_component_ref idref="oc-163"/>
            <object_component_ref idref="oc-9f"/>
            <object_component_ref idref="oc-178"/>
            <object_component_ref idref="oc-176"/>
            <object_component_ref idref="oc-d6"/>
            <object_component_ref idref="oc-ca"/>
            <object_component_ref idref="oc-c4"/>
            <object_component_ref idref="oc-be"/>
            <object_component_ref idref="oc-d0"/>
            <object_component_ref idref="oc-dc"/>
            <object_component_ref idref="oc-17c"/>
            <object_component_ref idref="oc-138"/>
            <object_component_ref idref="oc-78"/>
            <object_component_ref idref="oc-18"/>
            <object_component_ref idref="oc-39"/>
            <object_component_ref idref="oc-75"/>
            <object_component_ref idref="oc-b2"/>
            <object_component_ref idref="oc-15"/>
            <object_component_ref idref="oc-29"/>
            <object_component_ref idref="oc-af"/>
            <object_component_ref idref="oc-6e"/>
            <object_component_ref idref="oc-6a"/>
            <object_component_ref idref="oc-53"/>
            <object_component_ref idref="oc-31"/>
            <object_component_ref idref="oc-18d"/>
            <object_component_ref idref="oc-fa"/>
            <object_component_ref idref="oc-191"/>
            <object_component_ref idref="oc-1a5"/>
            <object_component_ref idref="oc-196"/>
            <object_component_ref idref="oc-19b"/>
            <object_component_ref idref="oc-88"/>
            <object_component_ref idref="oc-ee"/>
         </contents>
      </logical_group>
      <logical_group id="lg-1c2" display="never" color="cyan">
         <name>.debug_frame</name>
         <load_address>0x0</load_address>
         <run_address>0x0</run_address>
         <size>0x662</size>
         <contents>
            <object_component_ref idref="oc-91"/>
            <object_component_ref idref="oc-64"/>
            <object_component_ref idref="oc-a3"/>
            <object_component_ref idref="oc-d5"/>
            <object_component_ref idref="oc-c9"/>
            <object_component_ref idref="oc-c3"/>
            <object_component_ref idref="oc-bd"/>
            <object_component_ref idref="oc-cf"/>
            <object_component_ref idref="oc-db"/>
            <object_component_ref idref="oc-17"/>
            <object_component_ref idref="oc-11"/>
            <object_component_ref idref="oc-4f"/>
            <object_component_ref idref="oc-f9"/>
            <object_component_ref idref="oc-87"/>
            <object_component_ref idref="oc-ed"/>
         </contents>
      </logical_group>
      <logical_group id="lg-1c4" display="never" color="cyan">
         <name>.debug_abbrev</name>
         <load_address>0x0</load_address>
         <run_address>0x0</run_address>
         <size>0xf49</size>
         <contents>
            <object_component_ref idref="oc-164"/>
            <object_component_ref idref="oc-140"/>
            <object_component_ref idref="oc-e3"/>
            <object_component_ref idref="oc-168"/>
            <object_component_ref idref="oc-a9"/>
            <object_component_ref idref="oc-16d"/>
            <object_component_ref idref="oc-2d"/>
            <object_component_ref idref="oc-12d"/>
            <object_component_ref idref="oc-172"/>
            <object_component_ref idref="oc-e6"/>
            <object_component_ref idref="oc-a5"/>
            <object_component_ref idref="oc-66"/>
            <object_component_ref idref="oc-a4"/>
            <object_component_ref idref="oc-162"/>
            <object_component_ref idref="oc-12a"/>
            <object_component_ref idref="oc-177"/>
            <object_component_ref idref="oc-175"/>
            <object_component_ref idref="oc-13e"/>
            <object_component_ref idref="oc-13c"/>
            <object_component_ref idref="oc-13b"/>
            <object_component_ref idref="oc-134"/>
            <object_component_ref idref="oc-13d"/>
            <object_component_ref idref="oc-13f"/>
            <object_component_ref idref="oc-17b"/>
            <object_component_ref idref="oc-137"/>
            <object_component_ref idref="oc-77"/>
            <object_component_ref idref="oc-35"/>
            <object_component_ref idref="oc-38"/>
            <object_component_ref idref="oc-74"/>
            <object_component_ref idref="oc-b1"/>
            <object_component_ref idref="oc-25"/>
            <object_component_ref idref="oc-28"/>
            <object_component_ref idref="oc-ae"/>
            <object_component_ref idref="oc-6d"/>
            <object_component_ref idref="oc-69"/>
            <object_component_ref idref="oc-95"/>
            <object_component_ref idref="oc-71"/>
            <object_component_ref idref="oc-18c"/>
            <object_component_ref idref="oc-14c"/>
            <object_component_ref idref="oc-190"/>
            <object_component_ref idref="oc-1a4"/>
            <object_component_ref idref="oc-195"/>
            <object_component_ref idref="oc-19a"/>
            <object_component_ref idref="oc-bb"/>
            <object_component_ref idref="oc-142"/>
            <object_component_ref idref="oc-1db"/>
         </contents>
      </logical_group>
      <logical_group id="lg-1c6" display="never" color="cyan">
         <name>.debug_str</name>
         <load_address>0x0</load_address>
         <run_address>0x0</run_address>
         <size>0x35bc</size>
         <contents>
            <object_component_ref idref="oc-16a"/>
            <object_component_ref idref="oc-ab"/>
            <object_component_ref idref="oc-16f"/>
            <object_component_ref idref="oc-2f"/>
            <object_component_ref idref="oc-12f"/>
            <object_component_ref idref="oc-174"/>
            <object_component_ref idref="oc-e8"/>
            <object_component_ref idref="oc-17d"/>
            <object_component_ref idref="oc-139"/>
            <object_component_ref idref="oc-3a"/>
            <object_component_ref idref="oc-76"/>
            <object_component_ref idref="oc-2a"/>
            <object_component_ref idref="oc-b0"/>
            <object_component_ref idref="oc-6f"/>
            <object_component_ref idref="oc-192"/>
            <object_component_ref idref="oc-1a6"/>
            <object_component_ref idref="oc-197"/>
            <object_component_ref idref="oc-19c"/>
         </contents>
      </logical_group>
      <logical_group id="lg-1c8" display="never" color="cyan">
         <name>.debug_aranges</name>
         <load_address>0x0</load_address>
         <run_address>0x0</run_address>
         <size>0x220</size>
         <contents>
            <object_component_ref idref="oc-8f"/>
            <object_component_ref idref="oc-62"/>
            <object_component_ref idref="oc-a0"/>
            <object_component_ref idref="oc-d8"/>
            <object_component_ref idref="oc-cc"/>
            <object_component_ref idref="oc-c6"/>
            <object_component_ref idref="oc-c0"/>
            <object_component_ref idref="oc-d2"/>
            <object_component_ref idref="oc-de"/>
            <object_component_ref idref="oc-1b"/>
            <object_component_ref idref="oc-12"/>
            <object_component_ref idref="oc-51"/>
            <object_component_ref idref="oc-32"/>
            <object_component_ref idref="oc-f8"/>
            <object_component_ref idref="oc-8a"/>
            <object_component_ref idref="oc-eb"/>
         </contents>
      </logical_group>
      <logical_group id="lg-1ca" display="never" color="cyan">
         <name>.debug_pubnames</name>
         <load_address>0x0</load_address>
         <run_address>0x0</run_address>
         <size>0x37c</size>
         <contents>
            <object_component_ref idref="oc-e2"/>
            <object_component_ref idref="oc-8e"/>
            <object_component_ref idref="oc-21"/>
            <object_component_ref idref="oc-63"/>
            <object_component_ref idref="oc-129"/>
            <object_component_ref idref="oc-a2"/>
            <object_component_ref idref="oc-133"/>
            <object_component_ref idref="oc-d9"/>
            <object_component_ref idref="oc-cd"/>
            <object_component_ref idref="oc-c7"/>
            <object_component_ref idref="oc-c1"/>
            <object_component_ref idref="oc-d3"/>
            <object_component_ref idref="oc-df"/>
            <object_component_ref idref="oc-1a"/>
            <object_component_ref idref="oc-14"/>
            <object_component_ref idref="oc-24"/>
            <object_component_ref idref="oc-52"/>
            <object_component_ref idref="oc-34"/>
            <object_component_ref idref="oc-f7"/>
            <object_component_ref idref="oc-8b"/>
            <object_component_ref idref="oc-ec"/>
         </contents>
      </logical_group>
      <logical_group id="lg-1cc" display="never" color="cyan">
         <name>.debug_pubtypes</name>
         <load_address>0x0</load_address>
         <run_address>0x0</run_address>
         <size>0x10b1</size>
         <contents>
            <object_component_ref idref="oc-167"/>
            <object_component_ref idref="oc-a8"/>
            <object_component_ref idref="oc-16c"/>
            <object_component_ref idref="oc-2c"/>
            <object_component_ref idref="oc-12c"/>
            <object_component_ref idref="oc-171"/>
            <object_component_ref idref="oc-e5"/>
            <object_component_ref idref="oc-17a"/>
            <object_component_ref idref="oc-136"/>
            <object_component_ref idref="oc-37"/>
            <object_component_ref idref="oc-73"/>
            <object_component_ref idref="oc-27"/>
            <object_component_ref idref="oc-ad"/>
            <object_component_ref idref="oc-6c"/>
            <object_component_ref idref="oc-18f"/>
            <object_component_ref idref="oc-1a3"/>
            <object_component_ref idref="oc-194"/>
            <object_component_ref idref="oc-199"/>
         </contents>
      </logical_group>
      <load_segment id="lg-1dc" display="no" color="cyan">
         <name>SEGMENT_0</name>
         <load_address>0x0</load_address>
         <run_address>0x0</run_address>
         <size>0x804</size>
         <flags>0x5</flags>
         <contents>
            <logical_group_ref idref="lg-3"/>
            <logical_group_ref idref="lg-4"/>
            <logical_group_ref idref="lg-6"/>
         </contents>
      </load_segment>
      <load_segment id="lg-1dd" display="no" color="cyan">
         <name>SEGMENT_1</name>
         <run_address>0x20000000</run_address>
         <size>0x38</size>
         <flags>0x6</flags>
         <contents>
            <logical_group_ref idref="lg-b"/>
         </contents>
      </load_segment>
      <load_segment id="lg-1de" display="no" color="cyan">
         <name>SEGMENT_2</name>
         <run_address>0x2000fe00</run_address>
         <size>0x200</size>
         <flags>0x6</flags>
         <contents>
            <logical_group_ref idref="lg-e"/>
         </contents>
      </load_segment>
   </logical_group_list>
   <placement_map>
      <memory_area display="yes" color="green">
         <name>MAIN</name>
         <page_id>0x0</page_id>
         <origin>0x0</origin>
         <length>0x40000</length>
         <used_space>0x804</used_space>
         <unused_space>0x3f7fc</unused_space>
         <attributes>RX</attributes>
         <usage_details>
            <allocated_space>
               <start_address>0x0</start_address>
               <size>0x140</size>
               <logical_group_ref idref="lg-3"/>
            </allocated_space>
            <allocated_space>
               <start_address>0x140</start_address>
               <size>0x680</size>
               <logical_group_ref idref="lg-4"/>
            </allocated_space>
            <allocated_space>
               <start_address>0x7c0</start_address>
               <size>0x44</size>
               <logical_group_ref idref="lg-6"/>
            </allocated_space>
            <available_space>
               <start_address>0x804</start_address>
               <size>0x3f7fc</size>
            </available_space>
         </usage_details>
      </memory_area>
      <memory_area display="yes" color="green">
         <name>INFO</name>
         <page_id>0x0</page_id>
         <origin>0x200000</origin>
         <length>0x4000</length>
         <used_space>0x0</used_space>
         <unused_space>0x4000</unused_space>
         <attributes>RX</attributes>
         <usage_details>
         </usage_details>
      </memory_area>
      <memory_area display="yes" color="green">
         <name>SRAM_CODE</name>
         <page_id>0x0</page_id>
         <origin>0x1000000</origin>
         <length>0x10000</length>
         <used_space>0x0</used_space>
         <unused_space>0x10000</unused_space>
         <attributes>RWX</attributes>
         <usage_details>
         </usage_details>
      </memory_area>
      <memory_area display="yes" color="green">
         <name>SRAM_DATA</name>
         <page_id>0x0</page_id>
         <origin>0x20000000</origin>
         <length>0x10000</length>
         <used_space>0x238</used_space>
         <unused_space>0xfdc8</unused_space>
         <attributes>RW</attributes>
         <usage_details>
            <allocated_space>
               <start_address>0x20000000</start_address>
               <size>0x38</size>
               <logical_group_ref idref="lg-b"/>
            </allocated_space>
            <available_space>
               <start_address>0x20000038</start_address>
               <size>0xfdc8</size>
            </available_space>
            <allocated_space>
               <start_address>0x2000fe00</start_address>
               <size>0x200</size>
               <logical_group_ref idref="lg-e"/>
            </allocated_space>
         </usage_details>
      </memory_area>
   </placement_map>
   <cptbl_list>
      <cptbl>
         <name>__TI_cinit_table</name>
         <cprec>
            <name>.data</name>
            <load_address>0x7c0</load_address>
            <load_size>0x34</load_size>
            <run_address>0x20000000</run_address>
            <run_size>0x38</run_size>
            <compression>lzss</compression>
         </cprec>
      </cptbl>
   </cptbl_list>
   <handler_table>
      <handler_table_name>__TI_handler_table</handler_table_name>
      <handler>
         <index>0x0</index>
         <name>__TI_decompress_lzss</name>
      </handler>
      <handler>
         <index>0x1</index>
         <name>__TI_decompress_none</name>
      </handler>
   </handler_table>
   <symbol_table>
      <symbol id="sm-1">
         <name>WDTCTL_SYM</name>
         <value>0x4000480c</value>
      </symbol>
      <symbol id="sm-2">
         <name>__TI_CINIT_Base</name>
         <value>0x7fc</value>
      </symbol>
      <symbol id="sm-3">
         <name>__TI_CINIT_Limit</name>
         <value>0x804</value>
      </symbol>
      <symbol id="sm-4">
         <name>__TI_Handler_Table_Base</name>
         <value>0x7f4</value>
      </symbol>
      <symbol id="sm-5">
         <name>__TI_Handler_Table_Limit</name>
         <value>0x7fc</value>
      </symbol>
      <symbol id="sm-6">
         <name>binit</name>
         <value>0xffffffff</value>
      </symbol>
      <symbol id="sm-7">
         <name>__binit__</name>
         <value>0xffffffff</value>
      </symbol>
      <symbol id="sm-8">
         <name>__STACK_SIZE</name>
         <value>0x200</value>
      </symbol>
      <symbol id="sm-9">
         <name>__STACK_END</name>
         <value>0x20010000</value>
      </symbol>
      <symbol id="sm-a">
         <name>__c_args__</name>
         <value>0xffffffff</value>
      </symbol>
      <symbol id="sm-b">
         <name>__TI_pprof_out_hndl</name>
         <value>0xffffffff</value>
      </symbol>
      <symbol id="sm-c">
         <name>__TI_prof_data_start</name>
         <value>0xffffffff</value>
      </symbol>
      <symbol id="sm-d">
         <name>__TI_prof_data_size</name>
         <value>0xffffffff</value>
      </symbol>
      <symbol id="sm-63">
         <name>g_waitcycles</name>
         <value>0x20000030</value>
         <object_component_ref idref="oc-e0"/>
      </symbol>
      <symbol id="sm-64">
         <name>main</name>
         <value>0x469</value>
         <object_component_ref idref="oc-8c"/>
      </symbol>
      <symbol id="sm-81">
         <name>interruptVectors</name>
         <value>0x0</value>
         <object_component_ref idref="oc-1f"/>
      </symbol>
      <symbol id="sm-c8">
         <name>SystemInit</name>
         <value>0x3b5</value>
         <object_component_ref idref="oc-9e"/>
      </symbol>
      <symbol id="sm-c9">
         <name>SystemCoreClockUpdate</name>
         <value>0x141</value>
         <object_component_ref idref="oc-9e"/>
      </symbol>
      <symbol id="sm-ca">
         <name>SystemCoreClock</name>
         <value>0x20000034</value>
         <object_component_ref idref="oc-127"/>
      </symbol>
      <symbol id="sm-11c">
         <name>GPIO_setOutputHighOnPin</name>
         <value>0x771</value>
         <object_component_ref idref="oc-c2"/>
      </symbol>
      <symbol id="sm-11d">
         <name>GPIO_setAsInputPinWithPullUpResistor</name>
         <value>0x6ed</value>
         <object_component_ref idref="oc-ce"/>
      </symbol>
      <symbol id="sm-11e">
         <name>GPIO_setAsOutputPin</name>
         <value>0x71d</value>
         <object_component_ref idref="oc-bc"/>
      </symbol>
      <symbol id="sm-11f">
         <name>GPIO_setOutputLowOnPin</name>
         <value>0x759</value>
         <object_component_ref idref="oc-c8"/>
      </symbol>
      <symbol id="sm-120">
         <name>GPIO_toggleOutputOnPin</name>
         <value>0x785</value>
         <object_component_ref idref="oc-d4"/>
      </symbol>
      <symbol id="sm-121">
         <name>GPIO_getInputPinValue</name>
         <value>0x741</value>
         <object_component_ref idref="oc-da"/>
      </symbol>
      <symbol id="sm-13b">
         <name>__TI_decompress_none</name>
         <value>0x7ab</value>
         <object_component_ref idref="oc-16"/>
      </symbol>
      <symbol id="sm-15e">
         <name>__TI_decompress_lzss</name>
         <value>0x60d</value>
         <object_component_ref idref="oc-10"/>
      </symbol>
      <symbol id="sm-171">
         <name>__stack</name>
         <value>0x2000fe00</value>
         <object_component_ref idref="oc-22"/>
      </symbol>
      <symbol id="sm-172">
         <name>_c_int00_noargs</name>
         <value>0x6b9</value>
         <object_component_ref idref="oc-4e"/>
      </symbol>
      <symbol id="sm-18d">
         <name>memcpy</name>
         <value>0x571</value>
         <object_component_ref idref="oc-30"/>
      </symbol>
      <symbol id="sm-18e">
         <name>__aeabi_memcpy</name>
         <value>0x571</value>
         <object_component_ref idref="oc-30"/>
      </symbol>
      <symbol id="sm-18f">
         <name>__aeabi_memcpy8</name>
         <value>0x571</value>
         <object_component_ref idref="oc-30"/>
      </symbol>
      <symbol id="sm-190">
         <name>__aeabi_memcpy4</name>
         <value>0x571</value>
         <object_component_ref idref="oc-30"/>
      </symbol>
      <symbol id="sm-1b9">
         <name>__TI_auto_init_nobinit_nopinit</name>
         <value>0x675</value>
         <object_component_ref idref="oc-f5"/>
      </symbol>
      <symbol id="sm-1c3">
         <name>_system_pre_init</name>
         <value>0x7b9</value>
         <object_component_ref idref="oc-86"/>
      </symbol>
      <symbol id="sm-1cf">
         <name>C$$EXIT</name>
         <value>0x7bd</value>
         <object_component_ref idref="oc-e9"/>
      </symbol>
      <symbol id="sm-1d0">
         <name>abort</name>
         <value>0x7bd</value>
         <object_component_ref idref="oc-e9"/>
      </symbol>
      <symbol id="sm-1d3">
         <name>__TI_static_base__</name>
         <value>0x0</value>
      </symbol>
      <symbol id="sm-1d6">
         <name>__mpu_init</name>
         <value>0x0</value>
      </symbol>
      <symbol id="sm-1d7">
         <name>_system_post_cinit</name>
         <value>0x0</value>
      </symbol>
   </symbol_table>
   <title>Link successful</title>
</link_info>
