<?xml version="1.0" encoding="ISO-8859-1" ?>
<link_info>
   <banner>TI ARM Linker PC v18.12.4.LTS</banner>
   <copyright>Copyright (c) 1996-2018 Texas Instruments Incorporated</copyright>
   <link_time>0x6322e5f9</link_time>
   <link_errors>0x0</link_errors>
   <output_file>lab3.out</output_file>
   <entry_point>
      <name>_c_int00_noargs</name>
      <address>0x6c9</address>
   </entry_point>
   <input_file_list>
      <input_file id="fl-2">
         <path>.\</path>
         <kind>object</kind>
         <file>lab3.obj</file>
         <name>lab3.obj</name>
      </input_file>
      <input_file id="fl-3">
         <path>.\</path>
         <kind>object</kind>
         <file>startup_msp432p401r_ccs.obj</file>
         <name>startup_msp432p401r_ccs.obj</name>
      </input_file>
      <input_file id="fl-4">
         <path>.\</path>
         <kind>object</kind>
         <file>system_msp432p401r.obj</file>
         <name>system_msp432p401r.obj</name>
      </input_file>
      <input_file id="fl-9">
         <kind>object</kind>
         <file>&lt;internal&gt;</file>
         <name>&lt;internal&gt;</name>
      </input_file>
      <input_file id="fl-bf">
         <path>C:\ti\ccs930\ccs\tools\compiler\ti-cgt-arm_18.12.4.LTS\lib\</path>
         <kind>archive</kind>
         <file>rtsv7M4_T_le_v4SPD16_eabi.lib</file>
         <name>copy_zero_init.c.obj</name>
      </input_file>
      <input_file id="fl-c0">
         <path>C:\ti\ccs930\ccs\tools\compiler\ti-cgt-arm_18.12.4.LTS\lib\</path>
         <kind>archive</kind>
         <file>rtsv7M4_T_le_v4SPD16_eabi.lib</file>
         <name>copy_decompress_none.c.obj</name>
      </input_file>
      <input_file id="fl-c1">
         <path>C:\ti\ccs930\ccs\tools\compiler\ti-cgt-arm_18.12.4.LTS\lib\</path>
         <kind>archive</kind>
         <file>rtsv7M4_T_le_v4SPD16_eabi.lib</file>
         <name>copy_decompress_lzss.c.obj</name>
      </input_file>
      <input_file id="fl-c2">
         <path>C:\ti\ccs930\ccs\tools\compiler\ti-cgt-arm_18.12.4.LTS\lib\</path>
         <kind>archive</kind>
         <file>rtsv7M4_T_le_v4SPD16_eabi.lib</file>
         <name>boot_cortex_m.c.obj</name>
      </input_file>
      <input_file id="fl-c3">
         <path>C:\ti\ccs930\ccs\tools\compiler\ti-cgt-arm_18.12.4.LTS\lib\</path>
         <kind>archive</kind>
         <file>rtsv7M4_T_le_v4SPD16_eabi.lib</file>
         <name>memcpy_t2.asm.obj</name>
      </input_file>
      <input_file id="fl-c4">
         <path>C:\ti\ccs930\ccs\tools\compiler\ti-cgt-arm_18.12.4.LTS\lib\</path>
         <kind>archive</kind>
         <file>rtsv7M4_T_le_v4SPD16_eabi.lib</file>
         <name>memset_t2.asm.obj</name>
      </input_file>
      <input_file id="fl-c5">
         <path>C:\ti\ccs930\ccs\tools\compiler\ti-cgt-arm_18.12.4.LTS\lib\</path>
         <kind>archive</kind>
         <file>rtsv7M4_T_le_v4SPD16_eabi.lib</file>
         <name>autoinit.c.obj</name>
      </input_file>
      <input_file id="fl-c6">
         <path>C:\ti\ccs930\ccs\tools\compiler\ti-cgt-arm_18.12.4.LTS\lib\</path>
         <kind>archive</kind>
         <file>rtsv7M4_T_le_v4SPD16_eabi.lib</file>
         <name>pre_init.c.obj</name>
      </input_file>
      <input_file id="fl-c7">
         <path>C:\ti\ccs930\ccs\tools\compiler\ti-cgt-arm_18.12.4.LTS\lib\</path>
         <kind>archive</kind>
         <file>rtsv7M4_T_le_v4SPD16_eabi.lib</file>
         <name>cpy_tbl.c.obj</name>
      </input_file>
      <input_file id="fl-c8">
         <path>C:\ti\ccs930\ccs\tools\compiler\ti-cgt-arm_18.12.4.LTS\lib\</path>
         <kind>archive</kind>
         <file>rtsv7M4_T_le_v4SPD16_eabi.lib</file>
         <name>exit.c.obj</name>
      </input_file>
      <input_file id="fl-c9">
         <path>C:\ti\ccs930\ccs\tools\compiler\ti-cgt-arm_18.12.4.LTS\lib\</path>
         <kind>archive</kind>
         <file>rtsv7M4_T_le_v4SPD16_eabi.lib</file>
         <name>_lock.c.obj</name>
      </input_file>
      <input_file id="fl-ca">
         <path>C:\ti\ccs930\ccs\tools\compiler\ti-cgt-arm_18.12.4.LTS\lib\</path>
         <kind>archive</kind>
         <file>rtsv7M4_T_le_v4SPD16_eabi.lib</file>
         <name>args_main.c.obj</name>
      </input_file>
   </input_file_list>
   <object_component_list>
      <object_component id="oc-1f">
         <name>.intvecs:retain</name>
         <load_address>0x0</load_address>
         <run_address>0x0</run_address>
         <size>0x140</size>
         <input_file_ref idref="fl-3"/>
      </object_component>
      <object_component id="oc-9e">
         <name>.text</name>
         <load_address>0x140</load_address>
         <run_address>0x140</run_address>
         <size>0x328</size>
         <input_file_ref idref="fl-4"/>
      </object_component>
      <object_component id="oc-66">
         <name>.text</name>
         <load_address>0x468</load_address>
         <run_address>0x468</run_address>
         <size>0x118</size>
         <input_file_ref idref="fl-2"/>
      </object_component>
      <object_component id="oc-30">
         <name>.text</name>
         <load_address>0x580</load_address>
         <run_address>0x580</run_address>
         <size>0x9c</size>
         <input_file_ref idref="fl-c3"/>
      </object_component>
      <object_component id="oc-10">
         <name>.text:decompress:lzss:__TI_decompress_lzss</name>
         <load_address>0x61c</load_address>
         <run_address>0x61c</run_address>
         <size>0x68</size>
         <input_file_ref idref="fl-c1"/>
      </object_component>
      <object_component id="oc-ce">
         <name>.text:__TI_auto_init_nobinit_nopinit:__TI_auto_init_nobinit_nopinit</name>
         <load_address>0x684</load_address>
         <run_address>0x684</run_address>
         <size>0x44</size>
         <input_file_ref idref="fl-c5"/>
      </object_component>
      <object_component id="oc-4e">
         <name>.text:_c_int00_noargs:_c_int00_noargs</name>
         <load_address>0x6c8</load_address>
         <run_address>0x6c8</run_address>
         <size>0x34</size>
         <input_file_ref idref="fl-c2"/>
      </object_component>
      <object_component id="oc-60">
         <name>.text</name>
         <load_address>0x6fc</load_address>
         <run_address>0x6fc</run_address>
         <size>0x12</size>
         <input_file_ref idref="fl-3"/>
      </object_component>
      <object_component id="oc-16">
         <name>.text:decompress:none:__TI_decompress_none</name>
         <load_address>0x70e</load_address>
         <run_address>0x70e</run_address>
         <size>0xe</size>
         <input_file_ref idref="fl-c0"/>
      </object_component>
      <object_component id="oc-8c">
         <name>.text:_system_pre_init</name>
         <load_address>0x71c</load_address>
         <run_address>0x71c</run_address>
         <size>0x4</size>
         <input_file_ref idref="fl-c6"/>
      </object_component>
      <object_component id="oc-c2">
         <name>.text:abort:abort</name>
         <load_address>0x720</load_address>
         <run_address>0x720</run_address>
         <size>0x4</size>
         <input_file_ref idref="fl-c8"/>
      </object_component>
      <object_component id="oc-197">
         <name>.cinit..data.load</name>
         <load_address>0x728</load_address>
         <run_address>0x728</run_address>
         <size>0x8</size>
      </object_component>
      <object_component id="oc-195">
         <name>__TI_handler_table</name>
         <load_address>0x730</load_address>
         <run_address>0x730</run_address>
         <size>0x8</size>
      </object_component>
      <object_component id="oc-196">
         <name>__TI_cinit_table</name>
         <load_address>0x738</load_address>
         <run_address>0x738</run_address>
         <size>0x8</size>
      </object_component>
      <object_component id="oc-100">
         <name>.data</name>
         <load_address>0x20000000</load_address>
         <run_address>0x20000000</run_address>
         <size>0x4</size>
         <input_file_ref idref="fl-4"/>
      </object_component>
      <object_component id="oc-22">
         <name>.stack</name>
         <uninitialized>true</uninitialized>
         <run_address>0x2000fe00</run_address>
         <size>0x4</size>
         <input_file_ref idref="fl-c2"/>
      </object_component>
      <object_component id="oc-198">
         <name>.stack</name>
         <uninitialized>true</uninitialized>
         <run_address>0x2000fe00</run_address>
         <size>0x0</size>
      </object_component>
      <object_component id="oc-10e">
         <name>.debug_info</name>
         <load_address>0x0</load_address>
         <run_address>0x0</run_address>
         <size>0x529</size>
         <input_file_ref idref="fl-2"/>
      </object_component>
      <object_component id="oc-67">
         <name>.debug_info</name>
         <load_address>0x529</load_address>
         <run_address>0x529</run_address>
         <size>0x1d1</size>
         <input_file_ref idref="fl-2"/>
      </object_component>
      <object_component id="oc-ad">
         <name>.debug_info</name>
         <load_address>0x6fa</load_address>
         <run_address>0x6fa</run_address>
         <size>0x26b</size>
         <input_file_ref idref="fl-2"/>
      </object_component>
      <object_component id="oc-138">
         <name>.debug_info</name>
         <load_address>0x965</load_address>
         <run_address>0x965</run_address>
         <size>0x1055</size>
         <input_file_ref idref="fl-2"/>
      </object_component>
      <object_component id="oc-133">
         <name>.debug_info</name>
         <load_address>0x19ba</load_address>
         <run_address>0x19ba</run_address>
         <size>0x37e2</size>
         <input_file_ref idref="fl-2"/>
      </object_component>
      <object_component id="oc-109">
         <name>.debug_info</name>
         <load_address>0x519c</load_address>
         <run_address>0x519c</run_address>
         <size>0x8b</size>
         <input_file_ref idref="fl-2"/>
      </object_component>
      <object_component id="oc-104">
         <name>.debug_info</name>
         <load_address>0x5227</load_address>
         <run_address>0x5227</run_address>
         <size>0x297</size>
         <input_file_ref idref="fl-2"/>
      </object_component>
      <object_component id="oc-a6">
         <name>.debug_info</name>
         <load_address>0x54be</load_address>
         <run_address>0x54be</run_address>
         <size>0xbb</size>
         <input_file_ref idref="fl-2"/>
      </object_component>
      <object_component id="oc-6e">
         <name>.debug_info</name>
         <load_address>0x5579</load_address>
         <run_address>0x5579</run_address>
         <size>0x2e7</size>
         <input_file_ref idref="fl-3"/>
      </object_component>
      <object_component id="oc-20">
         <name>.debug_info</name>
         <load_address>0x5860</load_address>
         <run_address>0x5860</run_address>
         <size>0xea</size>
         <input_file_ref idref="fl-3"/>
      </object_component>
      <object_component id="oc-61">
         <name>.debug_info</name>
         <load_address>0x594a</load_address>
         <run_address>0x594a</run_address>
         <size>0x251</size>
         <input_file_ref idref="fl-3"/>
      </object_component>
      <object_component id="oc-2b">
         <name>.debug_info</name>
         <load_address>0x5b9b</load_address>
         <run_address>0x5b9b</run_address>
         <size>0x84</size>
         <input_file_ref idref="fl-3"/>
      </object_component>
      <object_component id="oc-101">
         <name>.debug_info</name>
         <load_address>0x5c1f</load_address>
         <run_address>0x5c1f</run_address>
         <size>0xe3</size>
         <input_file_ref idref="fl-4"/>
      </object_component>
      <object_component id="oc-a2">
         <name>.debug_info</name>
         <load_address>0x5d02</load_address>
         <run_address>0x5d02</run_address>
         <size>0x255</size>
         <input_file_ref idref="fl-4"/>
      </object_component>
      <object_component id="oc-3b">
         <name>.debug_info</name>
         <load_address>0x5f57</load_address>
         <run_address>0x5f57</run_address>
         <size>0x2a7</size>
         <input_file_ref idref="fl-c0"/>
      </object_component>
      <object_component id="oc-18">
         <name>.debug_info</name>
         <load_address>0x61fe</load_address>
         <run_address>0x61fe</run_address>
         <size>0x1e9</size>
         <input_file_ref idref="fl-c0"/>
      </object_component>
      <object_component id="oc-36">
         <name>.debug_info</name>
         <load_address>0x63e7</load_address>
         <run_address>0x63e7</run_address>
         <size>0x46</size>
         <input_file_ref idref="fl-c0"/>
      </object_component>
      <object_component id="oc-78">
         <name>.debug_info</name>
         <load_address>0x642d</load_address>
         <run_address>0x642d</run_address>
         <size>0x2c</size>
         <input_file_ref idref="fl-c0"/>
      </object_component>
      <object_component id="oc-76">
         <name>.debug_info</name>
         <load_address>0x6459</load_address>
         <run_address>0x6459</run_address>
         <size>0x29d</size>
         <input_file_ref idref="fl-c1"/>
      </object_component>
      <object_component id="oc-13">
         <name>.debug_info</name>
         <load_address>0x66f6</load_address>
         <run_address>0x66f6</run_address>
         <size>0x24f</size>
         <input_file_ref idref="fl-c1"/>
      </object_component>
      <object_component id="oc-26">
         <name>.debug_info</name>
         <load_address>0x6945</load_address>
         <run_address>0x6945</run_address>
         <size>0x60</size>
         <input_file_ref idref="fl-c1"/>
      </object_component>
      <object_component id="oc-b2">
         <name>.debug_info</name>
         <load_address>0x69a5</load_address>
         <run_address>0x69a5</run_address>
         <size>0x46</size>
         <input_file_ref idref="fl-c1"/>
      </object_component>
      <object_component id="oc-71">
         <name>.debug_info</name>
         <load_address>0x69eb</load_address>
         <run_address>0x69eb</run_address>
         <size>0x39</size>
         <input_file_ref idref="fl-c1"/>
      </object_component>
      <object_component id="oc-23">
         <name>.debug_info</name>
         <load_address>0x6a24</load_address>
         <run_address>0x6a24</run_address>
         <size>0x10a</size>
         <input_file_ref idref="fl-c2"/>
      </object_component>
      <object_component id="oc-50">
         <name>.debug_info</name>
         <load_address>0x6b2e</load_address>
         <run_address>0x6b2e</run_address>
         <size>0x1a8</size>
         <input_file_ref idref="fl-c2"/>
      </object_component>
      <object_component id="oc-31">
         <name>.debug_info</name>
         <load_address>0x6cd6</load_address>
         <run_address>0x6cd6</run_address>
         <size>0x118</size>
         <input_file_ref idref="fl-c3"/>
      </object_component>
      <object_component id="oc-11a">
         <name>.debug_info</name>
         <load_address>0x6dee</load_address>
         <run_address>0x6dee</run_address>
         <size>0x4b2</size>
         <input_file_ref idref="fl-c5"/>
      </object_component>
      <object_component id="oc-cf">
         <name>.debug_info</name>
         <load_address>0x72a0</load_address>
         <run_address>0x72a0</run_address>
         <size>0x1a5</size>
         <input_file_ref idref="fl-c5"/>
      </object_component>
      <object_component id="oc-14d">
         <name>.debug_info</name>
         <load_address>0x7445</load_address>
         <run_address>0x7445</run_address>
         <size>0x39</size>
         <input_file_ref idref="fl-c5"/>
      </object_component>
      <object_component id="oc-161">
         <name>.debug_info</name>
         <load_address>0x747e</load_address>
         <run_address>0x747e</run_address>
         <size>0x39</size>
         <input_file_ref idref="fl-c5"/>
      </object_component>
      <object_component id="oc-152">
         <name>.debug_info</name>
         <load_address>0x74b7</load_address>
         <run_address>0x74b7</run_address>
         <size>0x39</size>
         <input_file_ref idref="fl-c5"/>
      </object_component>
      <object_component id="oc-157">
         <name>.debug_info</name>
         <load_address>0x74f0</load_address>
         <run_address>0x74f0</run_address>
         <size>0xcd</size>
         <input_file_ref idref="fl-c5"/>
      </object_component>
      <object_component id="oc-8e">
         <name>.debug_info</name>
         <load_address>0x75bd</load_address>
         <run_address>0x75bd</run_address>
         <size>0x152</size>
         <input_file_ref idref="fl-c6"/>
      </object_component>
      <object_component id="oc-c3">
         <name>.debug_info</name>
         <load_address>0x770f</load_address>
         <run_address>0x770f</run_address>
         <size>0x121</size>
         <input_file_ref idref="fl-c8"/>
      </object_component>
      <object_component id="oc-199">
         <name>.debug_info</name>
         <load_address>0x7830</load_address>
         <run_address>0x7830</run_address>
         <size>0x96</size>
      </object_component>
      <object_component id="oc-132">
         <name>.debug_line</name>
         <load_address>0x0</load_address>
         <run_address>0x0</run_address>
         <size>0x20</size>
         <input_file_ref idref="fl-2"/>
      </object_component>
      <object_component id="oc-6a">
         <name>.debug_line</name>
         <load_address>0x20</load_address>
         <run_address>0x20</run_address>
         <size>0x7a</size>
         <input_file_ref idref="fl-2"/>
      </object_component>
      <object_component id="oc-b0">
         <name>.debug_line</name>
         <load_address>0x9a</load_address>
         <run_address>0x9a</run_address>
         <size>0x6f</size>
         <input_file_ref idref="fl-2"/>
      </object_component>
      <object_component id="oc-13b">
         <name>.debug_line</name>
         <load_address>0x109</load_address>
         <run_address>0x109</run_address>
         <size>0x5a</size>
         <input_file_ref idref="fl-2"/>
      </object_component>
      <object_component id="oc-136">
         <name>.debug_line</name>
         <load_address>0x163</load_address>
         <run_address>0x163</run_address>
         <size>0x57</size>
         <input_file_ref idref="fl-2"/>
      </object_component>
      <object_component id="oc-10c">
         <name>.debug_line</name>
         <load_address>0x1ba</load_address>
         <run_address>0x1ba</run_address>
         <size>0x20</size>
         <input_file_ref idref="fl-2"/>
      </object_component>
      <object_component id="oc-107">
         <name>.debug_line</name>
         <load_address>0x1da</load_address>
         <run_address>0x1da</run_address>
         <size>0x73</size>
         <input_file_ref idref="fl-2"/>
      </object_component>
      <object_component id="oc-a9">
         <name>.debug_line</name>
         <load_address>0x24d</load_address>
         <run_address>0x24d</run_address>
         <size>0x70</size>
         <input_file_ref idref="fl-2"/>
      </object_component>
      <object_component id="oc-ac">
         <name>.debug_line</name>
         <load_address>0x2bd</load_address>
         <run_address>0x2bd</run_address>
         <size>0x40</size>
         <input_file_ref idref="fl-3"/>
      </object_component>
      <object_component id="oc-6d">
         <name>.debug_line</name>
         <load_address>0x2fd</load_address>
         <run_address>0x2fd</run_address>
         <size>0x40</size>
         <input_file_ref idref="fl-3"/>
      </object_component>
      <object_component id="oc-64">
         <name>.debug_line</name>
         <load_address>0x33d</load_address>
         <run_address>0x33d</run_address>
         <size>0xa1</size>
         <input_file_ref idref="fl-3"/>
      </object_component>
      <object_component id="oc-2e">
         <name>.debug_line</name>
         <load_address>0x3de</load_address>
         <run_address>0x3de</run_address>
         <size>0x20</size>
         <input_file_ref idref="fl-3"/>
      </object_component>
      <object_component id="oc-130">
         <name>.debug_line</name>
         <load_address>0x3fe</load_address>
         <run_address>0x3fe</run_address>
         <size>0x3b</size>
         <input_file_ref idref="fl-4"/>
      </object_component>
      <object_component id="oc-a1">
         <name>.debug_line</name>
         <load_address>0x439</load_address>
         <run_address>0x439</run_address>
         <size>0x146</size>
         <input_file_ref idref="fl-4"/>
      </object_component>
      <object_component id="oc-7e">
         <name>.debug_line</name>
         <load_address>0x57f</load_address>
         <run_address>0x57f</run_address>
         <size>0x20</size>
         <input_file_ref idref="fl-c0"/>
      </object_component>
      <object_component id="oc-1b">
         <name>.debug_line</name>
         <load_address>0x59f</load_address>
         <run_address>0x59f</run_address>
         <size>0x55</size>
         <input_file_ref idref="fl-c0"/>
      </object_component>
      <object_component id="oc-39">
         <name>.debug_line</name>
         <load_address>0x5f4</load_address>
         <run_address>0x5f4</run_address>
         <size>0x3a</size>
         <input_file_ref idref="fl-c0"/>
      </object_component>
      <object_component id="oc-7b">
         <name>.debug_line</name>
         <load_address>0x62e</load_address>
         <run_address>0x62e</run_address>
         <size>0x90</size>
         <input_file_ref idref="fl-c0"/>
      </object_component>
      <object_component id="oc-b8">
         <name>.debug_line</name>
         <load_address>0x6be</load_address>
         <run_address>0x6be</run_address>
         <size>0x20</size>
         <input_file_ref idref="fl-c1"/>
      </object_component>
      <object_component id="oc-11">
         <name>.debug_line</name>
         <load_address>0x6de</load_address>
         <run_address>0x6de</run_address>
         <size>0xa9</size>
         <input_file_ref idref="fl-c1"/>
      </object_component>
      <object_component id="oc-29">
         <name>.debug_line</name>
         <load_address>0x787</load_address>
         <run_address>0x787</run_address>
         <size>0x3a</size>
         <input_file_ref idref="fl-c1"/>
      </object_component>
      <object_component id="oc-b5">
         <name>.debug_line</name>
         <load_address>0x7c1</load_address>
         <run_address>0x7c1</run_address>
         <size>0x98</size>
         <input_file_ref idref="fl-c1"/>
      </object_component>
      <object_component id="oc-74">
         <name>.debug_line</name>
         <load_address>0x859</load_address>
         <run_address>0x859</run_address>
         <size>0x94</size>
         <input_file_ref idref="fl-c1"/>
      </object_component>
      <object_component id="oc-70">
         <name>.debug_line</name>
         <load_address>0x8ed</load_address>
         <run_address>0x8ed</run_address>
         <size>0x33</size>
         <input_file_ref idref="fl-c2"/>
      </object_component>
      <object_component id="oc-4f">
         <name>.debug_line</name>
         <load_address>0x920</load_address>
         <run_address>0x920</run_address>
         <size>0x45</size>
         <input_file_ref idref="fl-c2"/>
      </object_component>
      <object_component id="oc-34">
         <name>.debug_line</name>
         <load_address>0x965</load_address>
         <run_address>0x965</run_address>
         <size>0x88</size>
         <input_file_ref idref="fl-c3"/>
      </object_component>
      <object_component id="oc-14c">
         <name>.debug_line</name>
         <load_address>0x9ed</load_address>
         <run_address>0x9ed</run_address>
         <size>0xbd</size>
         <input_file_ref idref="fl-c5"/>
      </object_component>
      <object_component id="oc-d2">
         <name>.debug_line</name>
         <load_address>0xaaa</load_address>
         <run_address>0xaaa</run_address>
         <size>0x6f</size>
         <input_file_ref idref="fl-c5"/>
      </object_component>
      <object_component id="oc-150">
         <name>.debug_line</name>
         <load_address>0xb19</load_address>
         <run_address>0xb19</run_address>
         <size>0x2e</size>
         <input_file_ref idref="fl-c5"/>
      </object_component>
      <object_component id="oc-164">
         <name>.debug_line</name>
         <load_address>0xb47</load_address>
         <run_address>0xb47</run_address>
         <size>0x98</size>
         <input_file_ref idref="fl-c5"/>
      </object_component>
      <object_component id="oc-155">
         <name>.debug_line</name>
         <load_address>0xbdf</load_address>
         <run_address>0xbdf</run_address>
         <size>0x95</size>
         <input_file_ref idref="fl-c5"/>
      </object_component>
      <object_component id="oc-15a">
         <name>.debug_line</name>
         <load_address>0xc74</load_address>
         <run_address>0xc74</run_address>
         <size>0x91</size>
         <input_file_ref idref="fl-c5"/>
      </object_component>
      <object_component id="oc-8d">
         <name>.debug_line</name>
         <load_address>0xd05</load_address>
         <run_address>0xd05</run_address>
         <size>0x40</size>
         <input_file_ref idref="fl-c6"/>
      </object_component>
      <object_component id="oc-c6">
         <name>.debug_line</name>
         <load_address>0xd45</load_address>
         <run_address>0xd45</run_address>
         <size>0x3c</size>
         <input_file_ref idref="fl-c8"/>
      </object_component>
      <object_component id="oc-6b">
         <name>.debug_frame</name>
         <load_address>0x0</load_address>
         <run_address>0x0</run_address>
         <size>0x74</size>
         <input_file_ref idref="fl-2"/>
      </object_component>
      <object_component id="oc-65">
         <name>.debug_frame</name>
         <load_address>0x74</load_address>
         <run_address>0x74</run_address>
         <size>0x94</size>
         <input_file_ref idref="fl-3"/>
      </object_component>
      <object_component id="oc-9f">
         <name>.debug_frame</name>
         <load_address>0x108</load_address>
         <run_address>0x108</run_address>
         <size>0x70</size>
         <input_file_ref idref="fl-4"/>
      </object_component>
      <object_component id="oc-1a">
         <name>.debug_frame</name>
         <load_address>0x178</load_address>
         <run_address>0x178</run_address>
         <size>0x54</size>
         <input_file_ref idref="fl-c0"/>
      </object_component>
      <object_component id="oc-12">
         <name>.debug_frame</name>
         <load_address>0x1cc</load_address>
         <run_address>0x1cc</run_address>
         <size>0x60</size>
         <input_file_ref idref="fl-c1"/>
      </object_component>
      <object_component id="oc-53">
         <name>.debug_frame</name>
         <load_address>0x22c</load_address>
         <run_address>0x22c</run_address>
         <size>0x50</size>
         <input_file_ref idref="fl-c2"/>
      </object_component>
      <object_component id="oc-d3">
         <name>.debug_frame</name>
         <load_address>0x27c</load_address>
         <run_address>0x27c</run_address>
         <size>0x5c</size>
         <input_file_ref idref="fl-c5"/>
      </object_component>
      <object_component id="oc-91">
         <name>.debug_frame</name>
         <load_address>0x2d8</load_address>
         <run_address>0x2d8</run_address>
         <size>0x54</size>
         <input_file_ref idref="fl-c6"/>
      </object_component>
      <object_component id="oc-c7">
         <name>.debug_frame</name>
         <load_address>0x32c</load_address>
         <run_address>0x32c</run_address>
         <size>0x54</size>
         <input_file_ref idref="fl-c8"/>
      </object_component>
      <object_component id="oc-131">
         <name>.debug_abbrev</name>
         <load_address>0x0</load_address>
         <run_address>0x0</run_address>
         <size>0x7a</size>
         <input_file_ref idref="fl-2"/>
      </object_component>
      <object_component id="oc-a5">
         <name>.debug_abbrev</name>
         <load_address>0x7a</load_address>
         <run_address>0x7a</run_address>
         <size>0x6d</size>
         <input_file_ref idref="fl-2"/>
      </object_component>
      <object_component id="oc-af">
         <name>.debug_abbrev</name>
         <load_address>0xe7</load_address>
         <run_address>0xe7</run_address>
         <size>0x69</size>
         <input_file_ref idref="fl-2"/>
      </object_component>
      <object_component id="oc-13a">
         <name>.debug_abbrev</name>
         <load_address>0x150</load_address>
         <run_address>0x150</run_address>
         <size>0x97</size>
         <input_file_ref idref="fl-2"/>
      </object_component>
      <object_component id="oc-135">
         <name>.debug_abbrev</name>
         <load_address>0x1e7</load_address>
         <run_address>0x1e7</run_address>
         <size>0xbd</size>
         <input_file_ref idref="fl-2"/>
      </object_component>
      <object_component id="oc-10b">
         <name>.debug_abbrev</name>
         <load_address>0x2a4</load_address>
         <run_address>0x2a4</run_address>
         <size>0x1f</size>
         <input_file_ref idref="fl-2"/>
      </object_component>
      <object_component id="oc-106">
         <name>.debug_abbrev</name>
         <load_address>0x2c3</load_address>
         <run_address>0x2c3</run_address>
         <size>0x5c</size>
         <input_file_ref idref="fl-2"/>
      </object_component>
      <object_component id="oc-a8">
         <name>.debug_abbrev</name>
         <load_address>0x31f</load_address>
         <run_address>0x31f</run_address>
         <size>0x24</size>
         <input_file_ref idref="fl-2"/>
      </object_component>
      <object_component id="oc-ab">
         <name>.debug_abbrev</name>
         <load_address>0x343</load_address>
         <run_address>0x343</run_address>
         <size>0x7c</size>
         <input_file_ref idref="fl-3"/>
      </object_component>
      <object_component id="oc-6c">
         <name>.debug_abbrev</name>
         <load_address>0x3bf</load_address>
         <run_address>0x3bf</run_address>
         <size>0x29</size>
         <input_file_ref idref="fl-3"/>
      </object_component>
      <object_component id="oc-a4">
         <name>.debug_abbrev</name>
         <load_address>0x3e8</load_address>
         <run_address>0x3e8</run_address>
         <size>0x85</size>
         <input_file_ref idref="fl-3"/>
      </object_component>
      <object_component id="oc-2d">
         <name>.debug_abbrev</name>
         <load_address>0x46d</load_address>
         <run_address>0x46d</run_address>
         <size>0x1f</size>
         <input_file_ref idref="fl-3"/>
      </object_component>
      <object_component id="oc-12f">
         <name>.debug_abbrev</name>
         <load_address>0x48c</load_address>
         <run_address>0x48c</run_address>
         <size>0x29</size>
         <input_file_ref idref="fl-4"/>
      </object_component>
      <object_component id="oc-103">
         <name>.debug_abbrev</name>
         <load_address>0x4b5</load_address>
         <run_address>0x4b5</run_address>
         <size>0x8b</size>
         <input_file_ref idref="fl-4"/>
      </object_component>
      <object_component id="oc-7d">
         <name>.debug_abbrev</name>
         <load_address>0x540</load_address>
         <run_address>0x540</run_address>
         <size>0x37</size>
         <input_file_ref idref="fl-c0"/>
      </object_component>
      <object_component id="oc-35">
         <name>.debug_abbrev</name>
         <load_address>0x577</load_address>
         <run_address>0x577</run_address>
         <size>0x74</size>
         <input_file_ref idref="fl-c0"/>
      </object_component>
      <object_component id="oc-38">
         <name>.debug_abbrev</name>
         <load_address>0x5eb</load_address>
         <run_address>0x5eb</run_address>
         <size>0x24</size>
         <input_file_ref idref="fl-c0"/>
      </object_component>
      <object_component id="oc-7a">
         <name>.debug_abbrev</name>
         <load_address>0x60f</load_address>
         <run_address>0x60f</run_address>
         <size>0x24</size>
         <input_file_ref idref="fl-c0"/>
      </object_component>
      <object_component id="oc-b7">
         <name>.debug_abbrev</name>
         <load_address>0x633</load_address>
         <run_address>0x633</run_address>
         <size>0x37</size>
         <input_file_ref idref="fl-c1"/>
      </object_component>
      <object_component id="oc-25">
         <name>.debug_abbrev</name>
         <load_address>0x66a</load_address>
         <run_address>0x66a</run_address>
         <size>0x6f</size>
         <input_file_ref idref="fl-c1"/>
      </object_component>
      <object_component id="oc-28">
         <name>.debug_abbrev</name>
         <load_address>0x6d9</load_address>
         <run_address>0x6d9</run_address>
         <size>0x24</size>
         <input_file_ref idref="fl-c1"/>
      </object_component>
      <object_component id="oc-b4">
         <name>.debug_abbrev</name>
         <load_address>0x6fd</load_address>
         <run_address>0x6fd</run_address>
         <size>0x35</size>
         <input_file_ref idref="fl-c1"/>
      </object_component>
      <object_component id="oc-73">
         <name>.debug_abbrev</name>
         <load_address>0x732</load_address>
         <run_address>0x732</run_address>
         <size>0x24</size>
         <input_file_ref idref="fl-c1"/>
      </object_component>
      <object_component id="oc-6f">
         <name>.debug_abbrev</name>
         <load_address>0x756</load_address>
         <run_address>0x756</run_address>
         <size>0x29</size>
         <input_file_ref idref="fl-c2"/>
      </object_component>
      <object_component id="oc-95">
         <name>.debug_abbrev</name>
         <load_address>0x77f</load_address>
         <run_address>0x77f</run_address>
         <size>0x55</size>
         <input_file_ref idref="fl-c2"/>
      </object_component>
      <object_component id="oc-77">
         <name>.debug_abbrev</name>
         <load_address>0x7d4</load_address>
         <run_address>0x7d4</run_address>
         <size>0x3e</size>
         <input_file_ref idref="fl-c3"/>
      </object_component>
      <object_component id="oc-14b">
         <name>.debug_abbrev</name>
         <load_address>0x812</load_address>
         <run_address>0x812</run_address>
         <size>0xc0</size>
         <input_file_ref idref="fl-c5"/>
      </object_component>
      <object_component id="oc-119">
         <name>.debug_abbrev</name>
         <load_address>0x8d2</load_address>
         <run_address>0x8d2</run_address>
         <size>0x7e</size>
         <input_file_ref idref="fl-c5"/>
      </object_component>
      <object_component id="oc-14f">
         <name>.debug_abbrev</name>
         <load_address>0x950</load_address>
         <run_address>0x950</run_address>
         <size>0x24</size>
         <input_file_ref idref="fl-c5"/>
      </object_component>
      <object_component id="oc-163">
         <name>.debug_abbrev</name>
         <load_address>0x974</load_address>
         <run_address>0x974</run_address>
         <size>0x24</size>
         <input_file_ref idref="fl-c5"/>
      </object_component>
      <object_component id="oc-154">
         <name>.debug_abbrev</name>
         <load_address>0x998</load_address>
         <run_address>0x998</run_address>
         <size>0x24</size>
         <input_file_ref idref="fl-c5"/>
      </object_component>
      <object_component id="oc-159">
         <name>.debug_abbrev</name>
         <load_address>0x9bc</load_address>
         <run_address>0x9bc</run_address>
         <size>0x4b</size>
         <input_file_ref idref="fl-c5"/>
      </object_component>
      <object_component id="oc-c1">
         <name>.debug_abbrev</name>
         <load_address>0xa07</load_address>
         <run_address>0xa07</run_address>
         <size>0x55</size>
         <input_file_ref idref="fl-c6"/>
      </object_component>
      <object_component id="oc-10f">
         <name>.debug_abbrev</name>
         <load_address>0xa5c</load_address>
         <run_address>0xa5c</run_address>
         <size>0x45</size>
         <input_file_ref idref="fl-c8"/>
      </object_component>
      <object_component id="oc-19a">
         <name>.debug_abbrev</name>
         <load_address>0xaa1</load_address>
         <run_address>0xaa1</run_address>
         <size>0xf</size>
      </object_component>
      <object_component id="oc-b1">
         <name>.debug_str</name>
         <load_address>0x0</load_address>
         <run_address>0x0</run_address>
         <size>0x2a7</size>
         <input_file_ref idref="fl-2"/>
      </object_component>
      <object_component id="oc-13c">
         <name>.debug_str</name>
         <load_address>0x2a7</load_address>
         <run_address>0x2a7</run_address>
         <size>0x47b</size>
         <input_file_ref idref="fl-2"/>
      </object_component>
      <object_component id="oc-137">
         <name>.debug_str</name>
         <load_address>0x722</load_address>
         <run_address>0x722</run_address>
         <size>0x15bf</size>
         <input_file_ref idref="fl-2"/>
      </object_component>
      <object_component id="oc-10d">
         <name>.debug_str</name>
         <load_address>0x1ce1</load_address>
         <run_address>0x1ce1</run_address>
         <size>0xfe</size>
         <input_file_ref idref="fl-2"/>
      </object_component>
      <object_component id="oc-108">
         <name>.debug_str</name>
         <load_address>0x1ddf</load_address>
         <run_address>0x1ddf</run_address>
         <size>0x336</size>
         <input_file_ref idref="fl-2"/>
      </object_component>
      <object_component id="oc-aa">
         <name>.debug_str</name>
         <load_address>0x2115</load_address>
         <run_address>0x2115</run_address>
         <size>0x13f</size>
         <input_file_ref idref="fl-2"/>
      </object_component>
      <object_component id="oc-2f">
         <name>.debug_str</name>
         <load_address>0x2254</load_address>
         <run_address>0x2254</run_address>
         <size>0xfe</size>
         <input_file_ref idref="fl-3"/>
      </object_component>
      <object_component id="oc-3a">
         <name>.debug_str</name>
         <load_address>0x2352</load_address>
         <run_address>0x2352</run_address>
         <size>0x10a</size>
         <input_file_ref idref="fl-c0"/>
      </object_component>
      <object_component id="oc-7c">
         <name>.debug_str</name>
         <load_address>0x245c</load_address>
         <run_address>0x245c</run_address>
         <size>0x13d</size>
         <input_file_ref idref="fl-c0"/>
      </object_component>
      <object_component id="oc-2a">
         <name>.debug_str</name>
         <load_address>0x2599</load_address>
         <run_address>0x2599</run_address>
         <size>0x117</size>
         <input_file_ref idref="fl-c1"/>
      </object_component>
      <object_component id="oc-b6">
         <name>.debug_str</name>
         <load_address>0x26b0</load_address>
         <run_address>0x26b0</run_address>
         <size>0x168</size>
         <input_file_ref idref="fl-c1"/>
      </object_component>
      <object_component id="oc-75">
         <name>.debug_str</name>
         <load_address>0x2818</load_address>
         <run_address>0x2818</run_address>
         <size>0x155</size>
         <input_file_ref idref="fl-c1"/>
      </object_component>
      <object_component id="oc-151">
         <name>.debug_str</name>
         <load_address>0x296d</load_address>
         <run_address>0x296d</run_address>
         <size>0xec</size>
         <input_file_ref idref="fl-c5"/>
      </object_component>
      <object_component id="oc-165">
         <name>.debug_str</name>
         <load_address>0x2a59</load_address>
         <run_address>0x2a59</run_address>
         <size>0x154</size>
         <input_file_ref idref="fl-c5"/>
      </object_component>
      <object_component id="oc-156">
         <name>.debug_str</name>
         <load_address>0x2bad</load_address>
         <run_address>0x2bad</run_address>
         <size>0x14d</size>
         <input_file_ref idref="fl-c5"/>
      </object_component>
      <object_component id="oc-15b">
         <name>.debug_str</name>
         <load_address>0x2cfa</load_address>
         <run_address>0x2cfa</run_address>
         <size>0x194</size>
         <input_file_ref idref="fl-c5"/>
      </object_component>
      <object_component id="oc-69">
         <name>.debug_aranges</name>
         <load_address>0x0</load_address>
         <run_address>0x0</run_address>
         <size>0x28</size>
         <input_file_ref idref="fl-2"/>
      </object_component>
      <object_component id="oc-62">
         <name>.debug_aranges</name>
         <load_address>0x28</load_address>
         <run_address>0x28</run_address>
         <size>0x38</size>
         <input_file_ref idref="fl-3"/>
      </object_component>
      <object_component id="oc-a0">
         <name>.debug_aranges</name>
         <load_address>0x60</load_address>
         <run_address>0x60</run_address>
         <size>0x28</size>
         <input_file_ref idref="fl-4"/>
      </object_component>
      <object_component id="oc-17">
         <name>.debug_aranges</name>
         <load_address>0x88</load_address>
         <run_address>0x88</run_address>
         <size>0x20</size>
         <input_file_ref idref="fl-c0"/>
      </object_component>
      <object_component id="oc-14">
         <name>.debug_aranges</name>
         <load_address>0xa8</load_address>
         <run_address>0xa8</run_address>
         <size>0x20</size>
         <input_file_ref idref="fl-c1"/>
      </object_component>
      <object_component id="oc-52">
         <name>.debug_aranges</name>
         <load_address>0xc8</load_address>
         <run_address>0xc8</run_address>
         <size>0x20</size>
         <input_file_ref idref="fl-c2"/>
      </object_component>
      <object_component id="oc-33">
         <name>.debug_aranges</name>
         <load_address>0xe8</load_address>
         <run_address>0xe8</run_address>
         <size>0x20</size>
         <input_file_ref idref="fl-c3"/>
      </object_component>
      <object_component id="oc-d0">
         <name>.debug_aranges</name>
         <load_address>0x108</load_address>
         <run_address>0x108</run_address>
         <size>0x20</size>
         <input_file_ref idref="fl-c5"/>
      </object_component>
      <object_component id="oc-90">
         <name>.debug_aranges</name>
         <load_address>0x128</load_address>
         <run_address>0x128</run_address>
         <size>0x20</size>
         <input_file_ref idref="fl-c6"/>
      </object_component>
      <object_component id="oc-c4">
         <name>.debug_aranges</name>
         <load_address>0x148</load_address>
         <run_address>0x148</run_address>
         <size>0x20</size>
         <input_file_ref idref="fl-c8"/>
      </object_component>
      <object_component id="oc-68">
         <name>.debug_pubnames</name>
         <load_address>0x0</load_address>
         <run_address>0x0</run_address>
         <size>0x30</size>
         <input_file_ref idref="fl-2"/>
      </object_component>
      <object_component id="oc-21">
         <name>.debug_pubnames</name>
         <load_address>0x30</load_address>
         <run_address>0x30</run_address>
         <size>0x27</size>
         <input_file_ref idref="fl-3"/>
      </object_component>
      <object_component id="oc-63">
         <name>.debug_pubnames</name>
         <load_address>0x57</load_address>
         <run_address>0x57</run_address>
         <size>0x46</size>
         <input_file_ref idref="fl-3"/>
      </object_component>
      <object_component id="oc-102">
         <name>.debug_pubnames</name>
         <load_address>0x9d</load_address>
         <run_address>0x9d</run_address>
         <size>0x26</size>
         <input_file_ref idref="fl-4"/>
      </object_component>
      <object_component id="oc-a3">
         <name>.debug_pubnames</name>
         <load_address>0xc3</load_address>
         <run_address>0xc3</run_address>
         <size>0x3b</size>
         <input_file_ref idref="fl-4"/>
      </object_component>
      <object_component id="oc-19">
         <name>.debug_pubnames</name>
         <load_address>0xfe</load_address>
         <run_address>0xfe</run_address>
         <size>0x2b</size>
         <input_file_ref idref="fl-c0"/>
      </object_component>
      <object_component id="oc-15">
         <name>.debug_pubnames</name>
         <load_address>0x129</load_address>
         <run_address>0x129</run_address>
         <size>0x2b</size>
         <input_file_ref idref="fl-c1"/>
      </object_component>
      <object_component id="oc-24">
         <name>.debug_pubnames</name>
         <load_address>0x154</load_address>
         <run_address>0x154</run_address>
         <size>0x1e</size>
         <input_file_ref idref="fl-c2"/>
      </object_component>
      <object_component id="oc-51">
         <name>.debug_pubnames</name>
         <load_address>0x172</load_address>
         <run_address>0x172</run_address>
         <size>0x26</size>
         <input_file_ref idref="fl-c2"/>
      </object_component>
      <object_component id="oc-32">
         <name>.debug_pubnames</name>
         <load_address>0x198</load_address>
         <run_address>0x198</run_address>
         <size>0x1d</size>
         <input_file_ref idref="fl-c3"/>
      </object_component>
      <object_component id="oc-d1">
         <name>.debug_pubnames</name>
         <load_address>0x1b5</load_address>
         <run_address>0x1b5</run_address>
         <size>0x35</size>
         <input_file_ref idref="fl-c5"/>
      </object_component>
      <object_component id="oc-8f">
         <name>.debug_pubnames</name>
         <load_address>0x1ea</load_address>
         <run_address>0x1ea</run_address>
         <size>0x27</size>
         <input_file_ref idref="fl-c6"/>
      </object_component>
      <object_component id="oc-c5">
         <name>.debug_pubnames</name>
         <load_address>0x211</load_address>
         <run_address>0x211</run_address>
         <size>0x1c</size>
         <input_file_ref idref="fl-c8"/>
      </object_component>
      <object_component id="oc-ae">
         <name>.debug_pubtypes</name>
         <load_address>0x0</load_address>
         <run_address>0x0</run_address>
         <size>0x25c</size>
         <input_file_ref idref="fl-2"/>
      </object_component>
      <object_component id="oc-139">
         <name>.debug_pubtypes</name>
         <load_address>0x25c</load_address>
         <run_address>0x25c</run_address>
         <size>0xdd</size>
         <input_file_ref idref="fl-2"/>
      </object_component>
      <object_component id="oc-134">
         <name>.debug_pubtypes</name>
         <load_address>0x339</load_address>
         <run_address>0x339</run_address>
         <size>0x2ce</size>
         <input_file_ref idref="fl-2"/>
      </object_component>
      <object_component id="oc-10a">
         <name>.debug_pubtypes</name>
         <load_address>0x607</load_address>
         <run_address>0x607</run_address>
         <size>0xff</size>
         <input_file_ref idref="fl-2"/>
      </object_component>
      <object_component id="oc-105">
         <name>.debug_pubtypes</name>
         <load_address>0x706</load_address>
         <run_address>0x706</run_address>
         <size>0x325</size>
         <input_file_ref idref="fl-2"/>
      </object_component>
      <object_component id="oc-a7">
         <name>.debug_pubtypes</name>
         <load_address>0xa2b</load_address>
         <run_address>0xa2b</run_address>
         <size>0xaa</size>
         <input_file_ref idref="fl-2"/>
      </object_component>
      <object_component id="oc-2c">
         <name>.debug_pubtypes</name>
         <load_address>0xad5</load_address>
         <run_address>0xad5</run_address>
         <size>0xed</size>
         <input_file_ref idref="fl-3"/>
      </object_component>
      <object_component id="oc-37">
         <name>.debug_pubtypes</name>
         <load_address>0xbc2</load_address>
         <run_address>0xbc2</run_address>
         <size>0x48</size>
         <input_file_ref idref="fl-c0"/>
      </object_component>
      <object_component id="oc-79">
         <name>.debug_pubtypes</name>
         <load_address>0xc0a</load_address>
         <run_address>0xc0a</run_address>
         <size>0x1d</size>
         <input_file_ref idref="fl-c0"/>
      </object_component>
      <object_component id="oc-27">
         <name>.debug_pubtypes</name>
         <load_address>0xc27</load_address>
         <run_address>0xc27</run_address>
         <size>0x5d</size>
         <input_file_ref idref="fl-c1"/>
      </object_component>
      <object_component id="oc-b3">
         <name>.debug_pubtypes</name>
         <load_address>0xc84</load_address>
         <run_address>0xc84</run_address>
         <size>0x48</size>
         <input_file_ref idref="fl-c1"/>
      </object_component>
      <object_component id="oc-72">
         <name>.debug_pubtypes</name>
         <load_address>0xccc</load_address>
         <run_address>0xccc</run_address>
         <size>0x35</size>
         <input_file_ref idref="fl-c1"/>
      </object_component>
      <object_component id="oc-14e">
         <name>.debug_pubtypes</name>
         <load_address>0xd01</load_address>
         <run_address>0xd01</run_address>
         <size>0x32</size>
         <input_file_ref idref="fl-c5"/>
      </object_component>
      <object_component id="oc-162">
         <name>.debug_pubtypes</name>
         <load_address>0xd33</load_address>
         <run_address>0xd33</run_address>
         <size>0x30</size>
         <input_file_ref idref="fl-c5"/>
      </object_component>
      <object_component id="oc-153">
         <name>.debug_pubtypes</name>
         <load_address>0xd63</load_address>
         <run_address>0xd63</run_address>
         <size>0x2c</size>
         <input_file_ref idref="fl-c5"/>
      </object_component>
      <object_component id="oc-158">
         <name>.debug_pubtypes</name>
         <load_address>0xd8f</load_address>
         <run_address>0xd8f</run_address>
         <size>0x50</size>
         <input_file_ref idref="fl-c5"/>
      </object_component>
   </object_component_list>
   <logical_group_list>
      <logical_group id="lg-3" display="no" color="cyan">
         <name>.intvecs</name>
         <load_address>0x0</load_address>
         <run_address>0x0</run_address>
         <size>0x140</size>
         <contents>
            <object_component_ref idref="oc-1f"/>
         </contents>
      </logical_group>
      <logical_group id="lg-4" display="no" color="cyan">
         <name>.text</name>
         <load_address>0x140</load_address>
         <run_address>0x140</run_address>
         <size>0x5e4</size>
         <contents>
            <object_component_ref idref="oc-9e"/>
            <object_component_ref idref="oc-66"/>
            <object_component_ref idref="oc-30"/>
            <object_component_ref idref="oc-10"/>
            <object_component_ref idref="oc-ce"/>
            <object_component_ref idref="oc-4e"/>
            <object_component_ref idref="oc-60"/>
            <object_component_ref idref="oc-16"/>
            <object_component_ref idref="oc-8c"/>
            <object_component_ref idref="oc-c2"/>
         </contents>
      </logical_group>
      <logical_group id="lg-5" display="no" color="cyan">
         <name>.const</name>
         <run_address>0x0</run_address>
         <size>0x0</size>
         <contents>
         </contents>
      </logical_group>
      <logical_group id="lg-6" display="no" color="cyan">
         <name>.cinit</name>
         <load_address>0x728</load_address>
         <run_address>0x728</run_address>
         <size>0x18</size>
         <contents>
            <object_component_ref idref="oc-197"/>
            <object_component_ref idref="oc-195"/>
            <object_component_ref idref="oc-196"/>
         </contents>
      </logical_group>
      <logical_group id="lg-7" display="no" color="cyan">
         <name>.pinit</name>
         <run_address>0x0</run_address>
         <size>0x0</size>
         <contents>
         </contents>
      </logical_group>
      <logical_group id="lg-8" display="no" color="cyan">
         <name>.init_array</name>
         <run_address>0x0</run_address>
         <size>0x0</size>
         <contents>
         </contents>
      </logical_group>
      <logical_group id="lg-9" display="no" color="cyan">
         <name>.flashMailbox</name>
         <run_address>0x0</run_address>
         <size>0x0</size>
         <contents>
         </contents>
      </logical_group>
      <logical_group id="lg-a" display="no" color="cyan">
         <name>.vtable</name>
         <run_address>0x0</run_address>
         <size>0x0</size>
         <contents>
         </contents>
      </logical_group>
      <logical_group id="lg-b" display="no" color="cyan">
         <name>.data</name>
         <run_address>0x20000000</run_address>
         <size>0x4</size>
         <contents>
            <object_component_ref idref="oc-100"/>
         </contents>
      </logical_group>
      <logical_group id="lg-c" display="no" color="cyan">
         <name>.bss</name>
         <run_address>0x0</run_address>
         <size>0x0</size>
         <contents>
         </contents>
      </logical_group>
      <logical_group id="lg-d" display="no" color="cyan">
         <name>.sysmem</name>
         <run_address>0x0</run_address>
         <size>0x0</size>
         <contents>
         </contents>
      </logical_group>
      <logical_group id="lg-e" display="no" color="cyan">
         <name>.stack</name>
         <run_address>0x2000fe00</run_address>
         <size>0x200</size>
         <contents>
            <object_component_ref idref="oc-22"/>
            <object_component_ref idref="oc-198"/>
         </contents>
      </logical_group>
      <logical_group id="lg-16d" display="no" color="cyan">
         <name>.TI.noinit</name>
         <run_address>0x0</run_address>
         <size>0x0</size>
         <contents>
         </contents>
      </logical_group>
      <logical_group id="lg-16e" display="no" color="cyan">
         <name>.TI.persistent</name>
         <run_address>0x0</run_address>
         <size>0x0</size>
         <contents>
         </contents>
      </logical_group>
      <logical_group id="lg-17d" display="never" color="cyan">
         <name>.debug_info</name>
         <load_address>0x0</load_address>
         <run_address>0x0</run_address>
         <size>0x78c6</size>
         <contents>
            <object_component_ref idref="oc-10e"/>
            <object_component_ref idref="oc-67"/>
            <object_component_ref idref="oc-ad"/>
            <object_component_ref idref="oc-138"/>
            <object_component_ref idref="oc-133"/>
            <object_component_ref idref="oc-109"/>
            <object_component_ref idref="oc-104"/>
            <object_component_ref idref="oc-a6"/>
            <object_component_ref idref="oc-6e"/>
            <object_component_ref idref="oc-20"/>
            <object_component_ref idref="oc-61"/>
            <object_component_ref idref="oc-2b"/>
            <object_component_ref idref="oc-101"/>
            <object_component_ref idref="oc-a2"/>
            <object_component_ref idref="oc-3b"/>
            <object_component_ref idref="oc-18"/>
            <object_component_ref idref="oc-36"/>
            <object_component_ref idref="oc-78"/>
            <object_component_ref idref="oc-76"/>
            <object_component_ref idref="oc-13"/>
            <object_component_ref idref="oc-26"/>
            <object_component_ref idref="oc-b2"/>
            <object_component_ref idref="oc-71"/>
            <object_component_ref idref="oc-23"/>
            <object_component_ref idref="oc-50"/>
            <object_component_ref idref="oc-31"/>
            <object_component_ref idref="oc-11a"/>
            <object_component_ref idref="oc-cf"/>
            <object_component_ref idref="oc-14d"/>
            <object_component_ref idref="oc-161"/>
            <object_component_ref idref="oc-152"/>
            <object_component_ref idref="oc-157"/>
            <object_component_ref idref="oc-8e"/>
            <object_component_ref idref="oc-c3"/>
            <object_component_ref idref="oc-199"/>
         </contents>
      </logical_group>
      <logical_group id="lg-17f" display="never" color="cyan">
         <name>.debug_line</name>
         <load_address>0x0</load_address>
         <run_address>0x0</run_address>
         <size>0xd81</size>
         <contents>
            <object_component_ref idref="oc-132"/>
            <object_component_ref idref="oc-6a"/>
            <object_component_ref idref="oc-b0"/>
            <object_component_ref idref="oc-13b"/>
            <object_component_ref idref="oc-136"/>
            <object_component_ref idref="oc-10c"/>
            <object_component_ref idref="oc-107"/>
            <object_component_ref idref="oc-a9"/>
            <object_component_ref idref="oc-ac"/>
            <object_component_ref idref="oc-6d"/>
            <object_component_ref idref="oc-64"/>
            <object_component_ref idref="oc-2e"/>
            <object_component_ref idref="oc-130"/>
            <object_component_ref idref="oc-a1"/>
            <object_component_ref idref="oc-7e"/>
            <object_component_ref idref="oc-1b"/>
            <object_component_ref idref="oc-39"/>
            <object_component_ref idref="oc-7b"/>
            <object_component_ref idref="oc-b8"/>
            <object_component_ref idref="oc-11"/>
            <object_component_ref idref="oc-29"/>
            <object_component_ref idref="oc-b5"/>
            <object_component_ref idref="oc-74"/>
            <object_component_ref idref="oc-70"/>
            <object_component_ref idref="oc-4f"/>
            <object_component_ref idref="oc-34"/>
            <object_component_ref idref="oc-14c"/>
            <object_component_ref idref="oc-d2"/>
            <object_component_ref idref="oc-150"/>
            <object_component_ref idref="oc-164"/>
            <object_component_ref idref="oc-155"/>
            <object_component_ref idref="oc-15a"/>
            <object_component_ref idref="oc-8d"/>
            <object_component_ref idref="oc-c6"/>
         </contents>
      </logical_group>
      <logical_group id="lg-181" display="never" color="cyan">
         <name>.debug_frame</name>
         <load_address>0x0</load_address>
         <run_address>0x0</run_address>
         <size>0x380</size>
         <contents>
            <object_component_ref idref="oc-6b"/>
            <object_component_ref idref="oc-65"/>
            <object_component_ref idref="oc-9f"/>
            <object_component_ref idref="oc-1a"/>
            <object_component_ref idref="oc-12"/>
            <object_component_ref idref="oc-53"/>
            <object_component_ref idref="oc-d3"/>
            <object_component_ref idref="oc-91"/>
            <object_component_ref idref="oc-c7"/>
         </contents>
      </logical_group>
      <logical_group id="lg-183" display="never" color="cyan">
         <name>.debug_abbrev</name>
         <load_address>0x0</load_address>
         <run_address>0x0</run_address>
         <size>0xab0</size>
         <contents>
            <object_component_ref idref="oc-131"/>
            <object_component_ref idref="oc-a5"/>
            <object_component_ref idref="oc-af"/>
            <object_component_ref idref="oc-13a"/>
            <object_component_ref idref="oc-135"/>
            <object_component_ref idref="oc-10b"/>
            <object_component_ref idref="oc-106"/>
            <object_component_ref idref="oc-a8"/>
            <object_component_ref idref="oc-ab"/>
            <object_component_ref idref="oc-6c"/>
            <object_component_ref idref="oc-a4"/>
            <object_component_ref idref="oc-2d"/>
            <object_component_ref idref="oc-12f"/>
            <object_component_ref idref="oc-103"/>
            <object_component_ref idref="oc-7d"/>
            <object_component_ref idref="oc-35"/>
            <object_component_ref idref="oc-38"/>
            <object_component_ref idref="oc-7a"/>
            <object_component_ref idref="oc-b7"/>
            <object_component_ref idref="oc-25"/>
            <object_component_ref idref="oc-28"/>
            <object_component_ref idref="oc-b4"/>
            <object_component_ref idref="oc-73"/>
            <object_component_ref idref="oc-6f"/>
            <object_component_ref idref="oc-95"/>
            <object_component_ref idref="oc-77"/>
            <object_component_ref idref="oc-14b"/>
            <object_component_ref idref="oc-119"/>
            <object_component_ref idref="oc-14f"/>
            <object_component_ref idref="oc-163"/>
            <object_component_ref idref="oc-154"/>
            <object_component_ref idref="oc-159"/>
            <object_component_ref idref="oc-c1"/>
            <object_component_ref idref="oc-10f"/>
            <object_component_ref idref="oc-19a"/>
         </contents>
      </logical_group>
      <logical_group id="lg-185" display="never" color="cyan">
         <name>.debug_str</name>
         <load_address>0x0</load_address>
         <run_address>0x0</run_address>
         <size>0x2e8e</size>
         <contents>
            <object_component_ref idref="oc-b1"/>
            <object_component_ref idref="oc-13c"/>
            <object_component_ref idref="oc-137"/>
            <object_component_ref idref="oc-10d"/>
            <object_component_ref idref="oc-108"/>
            <object_component_ref idref="oc-aa"/>
            <object_component_ref idref="oc-2f"/>
            <object_component_ref idref="oc-3a"/>
            <object_component_ref idref="oc-7c"/>
            <object_component_ref idref="oc-2a"/>
            <object_component_ref idref="oc-b6"/>
            <object_component_ref idref="oc-75"/>
            <object_component_ref idref="oc-151"/>
            <object_component_ref idref="oc-165"/>
            <object_component_ref idref="oc-156"/>
            <object_component_ref idref="oc-15b"/>
         </contents>
      </logical_group>
      <logical_group id="lg-187" display="never" color="cyan">
         <name>.debug_aranges</name>
         <load_address>0x0</load_address>
         <run_address>0x0</run_address>
         <size>0x168</size>
         <contents>
            <object_component_ref idref="oc-69"/>
            <object_component_ref idref="oc-62"/>
            <object_component_ref idref="oc-a0"/>
            <object_component_ref idref="oc-17"/>
            <object_component_ref idref="oc-14"/>
            <object_component_ref idref="oc-52"/>
            <object_component_ref idref="oc-33"/>
            <object_component_ref idref="oc-d0"/>
            <object_component_ref idref="oc-90"/>
            <object_component_ref idref="oc-c4"/>
         </contents>
      </logical_group>
      <logical_group id="lg-189" display="never" color="cyan">
         <name>.debug_pubnames</name>
         <load_address>0x0</load_address>
         <run_address>0x0</run_address>
         <size>0x22d</size>
         <contents>
            <object_component_ref idref="oc-68"/>
            <object_component_ref idref="oc-21"/>
            <object_component_ref idref="oc-63"/>
            <object_component_ref idref="oc-102"/>
            <object_component_ref idref="oc-a3"/>
            <object_component_ref idref="oc-19"/>
            <object_component_ref idref="oc-15"/>
            <object_component_ref idref="oc-24"/>
            <object_component_ref idref="oc-51"/>
            <object_component_ref idref="oc-32"/>
            <object_component_ref idref="oc-d1"/>
            <object_component_ref idref="oc-8f"/>
            <object_component_ref idref="oc-c5"/>
         </contents>
      </logical_group>
      <logical_group id="lg-18b" display="never" color="cyan">
         <name>.debug_pubtypes</name>
         <load_address>0x0</load_address>
         <run_address>0x0</run_address>
         <size>0xddf</size>
         <contents>
            <object_component_ref idref="oc-ae"/>
            <object_component_ref idref="oc-139"/>
            <object_component_ref idref="oc-134"/>
            <object_component_ref idref="oc-10a"/>
            <object_component_ref idref="oc-105"/>
            <object_component_ref idref="oc-a7"/>
            <object_component_ref idref="oc-2c"/>
            <object_component_ref idref="oc-37"/>
            <object_component_ref idref="oc-79"/>
            <object_component_ref idref="oc-27"/>
            <object_component_ref idref="oc-b3"/>
            <object_component_ref idref="oc-72"/>
            <object_component_ref idref="oc-14e"/>
            <object_component_ref idref="oc-162"/>
            <object_component_ref idref="oc-153"/>
            <object_component_ref idref="oc-158"/>
         </contents>
      </logical_group>
      <load_segment id="lg-19b" display="no" color="cyan">
         <name>SEGMENT_0</name>
         <load_address>0x0</load_address>
         <run_address>0x0</run_address>
         <size>0x740</size>
         <flags>0x5</flags>
         <contents>
            <logical_group_ref idref="lg-3"/>
            <logical_group_ref idref="lg-4"/>
            <logical_group_ref idref="lg-6"/>
         </contents>
      </load_segment>
      <load_segment id="lg-19c" display="no" color="cyan">
         <name>SEGMENT_1</name>
         <run_address>0x20000000</run_address>
         <size>0x4</size>
         <flags>0x6</flags>
         <contents>
            <logical_group_ref idref="lg-b"/>
         </contents>
      </load_segment>
      <load_segment id="lg-19d" display="no" color="cyan">
         <name>SEGMENT_2</name>
         <run_address>0x2000fe00</run_address>
         <size>0x200</size>
         <flags>0x6</flags>
         <contents>
            <logical_group_ref idref="lg-e"/>
         </contents>
      </load_segment>
   </logical_group_list>
   <placement_map>
      <memory_area display="yes" color="green">
         <name>MAIN</name>
         <page_id>0x0</page_id>
         <origin>0x0</origin>
         <length>0x40000</length>
         <used_space>0x73c</used_space>
         <unused_space>0x3f8c4</unused_space>
         <attributes>RX</attributes>
         <usage_details>
            <allocated_space>
               <start_address>0x0</start_address>
               <size>0x140</size>
               <logical_group_ref idref="lg-3"/>
            </allocated_space>
            <allocated_space>
               <start_address>0x140</start_address>
               <size>0x5e4</size>
               <logical_group_ref idref="lg-4"/>
            </allocated_space>
            <available_space>
               <start_address>0x724</start_address>
               <size>0x4</size>
            </available_space>
            <allocated_space>
               <start_address>0x728</start_address>
               <size>0x18</size>
               <logical_group_ref idref="lg-6"/>
            </allocated_space>
            <available_space>
               <start_address>0x740</start_address>
               <size>0x3f8c0</size>
            </available_space>
         </usage_details>
      </memory_area>
      <memory_area display="yes" color="green">
         <name>INFO</name>
         <page_id>0x0</page_id>
         <origin>0x200000</origin>
         <length>0x4000</length>
         <used_space>0x0</used_space>
         <unused_space>0x4000</unused_space>
         <attributes>RX</attributes>
         <usage_details>
         </usage_details>
      </memory_area>
      <memory_area display="yes" color="green">
         <name>SRAM_CODE</name>
         <page_id>0x0</page_id>
         <origin>0x1000000</origin>
         <length>0x10000</length>
         <used_space>0x0</used_space>
         <unused_space>0x10000</unused_space>
         <attributes>RWX</attributes>
         <usage_details>
         </usage_details>
      </memory_area>
      <memory_area display="yes" color="green">
         <name>SRAM_DATA</name>
         <page_id>0x0</page_id>
         <origin>0x20000000</origin>
         <length>0x10000</length>
         <used_space>0x204</used_space>
         <unused_space>0xfdfc</unused_space>
         <attributes>RW</attributes>
         <usage_details>
            <allocated_space>
               <start_address>0x20000000</start_address>
               <size>0x4</size>
               <logical_group_ref idref="lg-b"/>
            </allocated_space>
            <available_space>
               <start_address>0x20000004</start_address>
               <size>0xfdfc</size>
            </available_space>
            <allocated_space>
               <start_address>0x2000fe00</start_address>
               <size>0x200</size>
               <logical_group_ref idref="lg-e"/>
            </allocated_space>
         </usage_details>
      </memory_area>
   </placement_map>
   <cptbl_list>
      <cptbl>
         <name>__TI_cinit_table</name>
         <cprec>
            <name>.data</name>
            <load_address>0x728</load_address>
            <load_size>0x8</load_size>
            <run_address>0x20000000</run_address>
            <run_size>0x4</run_size>
            <compression>lzss</compression>
         </cprec>
      </cptbl>
   </cptbl_list>
   <handler_table>
      <handler_table_name>__TI_handler_table</handler_table_name>
      <handler>
         <index>0x0</index>
         <name>__TI_decompress_lzss</name>
      </handler>
      <handler>
         <index>0x1</index>
         <name>__TI_decompress_none</name>
      </handler>
   </handler_table>
   <symbol_table>
      <symbol id="sm-1">
         <name>WDTCTL_SYM</name>
         <value>0x4000480c</value>
      </symbol>
      <symbol id="sm-2">
         <name>__TI_CINIT_Base</name>
         <value>0x738</value>
      </symbol>
      <symbol id="sm-3">
         <name>__TI_CINIT_Limit</name>
         <value>0x740</value>
      </symbol>
      <symbol id="sm-4">
         <name>__TI_Handler_Table_Base</name>
         <value>0x730</value>
      </symbol>
      <symbol id="sm-5">
         <name>__TI_Handler_Table_Limit</name>
         <value>0x738</value>
      </symbol>
      <symbol id="sm-6">
         <name>binit</name>
         <value>0xffffffff</value>
      </symbol>
      <symbol id="sm-7">
         <name>__binit__</name>
         <value>0xffffffff</value>
      </symbol>
      <symbol id="sm-8">
         <name>__STACK_SIZE</name>
         <value>0x200</value>
      </symbol>
      <symbol id="sm-9">
         <name>__STACK_END</name>
         <value>0x20010000</value>
      </symbol>
      <symbol id="sm-a">
         <name>__c_args__</name>
         <value>0xffffffff</value>
      </symbol>
      <symbol id="sm-b">
         <name>__TI_pprof_out_hndl</name>
         <value>0xffffffff</value>
      </symbol>
      <symbol id="sm-c">
         <name>__TI_prof_data_start</name>
         <value>0xffffffff</value>
      </symbol>
      <symbol id="sm-d">
         <name>__TI_prof_data_size</name>
         <value>0xffffffff</value>
      </symbol>
      <symbol id="sm-56">
         <name>PORT1_IRQHandler</name>
         <value>0x52f</value>
         <object_component_ref idref="oc-66"/>
      </symbol>
      <symbol id="sm-57">
         <name>main</name>
         <value>0x469</value>
         <object_component_ref idref="oc-66"/>
      </symbol>
      <symbol id="sm-79">
         <name>interruptVectors</name>
         <value>0x0</value>
         <object_component_ref idref="oc-1f"/>
      </symbol>
      <symbol id="sm-c0">
         <name>SystemInit</name>
         <value>0x3b5</value>
         <object_component_ref idref="oc-9e"/>
      </symbol>
      <symbol id="sm-c1">
         <name>SystemCoreClockUpdate</name>
         <value>0x141</value>
         <object_component_ref idref="oc-9e"/>
      </symbol>
      <symbol id="sm-c2">
         <name>SystemCoreClock</name>
         <value>0x20000000</value>
         <object_component_ref idref="oc-100"/>
      </symbol>
      <symbol id="sm-da">
         <name>__TI_decompress_none</name>
         <value>0x70f</value>
         <object_component_ref idref="oc-16"/>
      </symbol>
      <symbol id="sm-fd">
         <name>__TI_decompress_lzss</name>
         <value>0x61d</value>
         <object_component_ref idref="oc-10"/>
      </symbol>
      <symbol id="sm-110">
         <name>__stack</name>
         <value>0x2000fe00</value>
         <object_component_ref idref="oc-22"/>
      </symbol>
      <symbol id="sm-111">
         <name>_c_int00_noargs</name>
         <value>0x6c9</value>
         <object_component_ref idref="oc-4e"/>
      </symbol>
      <symbol id="sm-12c">
         <name>memcpy</name>
         <value>0x581</value>
         <object_component_ref idref="oc-30"/>
      </symbol>
      <symbol id="sm-12d">
         <name>__aeabi_memcpy</name>
         <value>0x581</value>
         <object_component_ref idref="oc-30"/>
      </symbol>
      <symbol id="sm-12e">
         <name>__aeabi_memcpy8</name>
         <value>0x581</value>
         <object_component_ref idref="oc-30"/>
      </symbol>
      <symbol id="sm-12f">
         <name>__aeabi_memcpy4</name>
         <value>0x581</value>
         <object_component_ref idref="oc-30"/>
      </symbol>
      <symbol id="sm-158">
         <name>__TI_auto_init_nobinit_nopinit</name>
         <value>0x685</value>
         <object_component_ref idref="oc-ce"/>
      </symbol>
      <symbol id="sm-162">
         <name>_system_pre_init</name>
         <value>0x71d</value>
         <object_component_ref idref="oc-8c"/>
      </symbol>
      <symbol id="sm-16e">
         <name>C$$EXIT</name>
         <value>0x721</value>
         <object_component_ref idref="oc-c2"/>
      </symbol>
      <symbol id="sm-16f">
         <name>abort</name>
         <value>0x721</value>
         <object_component_ref idref="oc-c2"/>
      </symbol>
      <symbol id="sm-172">
         <name>__TI_static_base__</name>
         <value>0x0</value>
      </symbol>
      <symbol id="sm-175">
         <name>__mpu_init</name>
         <value>0x0</value>
      </symbol>
      <symbol id="sm-176">
         <name>_system_post_cinit</name>
         <value>0x0</value>
      </symbol>
   </symbol_table>
   <title>Link successful</title>
</link_info>
